时间,区域,数量
2015/4/1 0:00,A,30587
2015/4/1 3:00,A,49017
2015/4/1 6:00,A,53942
2015/4/1 9:00,A,55878
2015/4/1 12:00,A,43004
2015/4/1 15:00,A,43651
2015/4/1 18:00,A,45308
2015/4/1 21:00,A,58081
2015/4/2 0:00,A,28207
2015/4/2 0:00,A,28910
2015/4/2 3:00,A,51852
2015/4/2 6:00,A,56917
2015/4/2 9:00,A,56767
2015/4/2 12:00,A,45786
2015/4/2 15:00,A,48851
2015/4/2 18:00,A,51070
2015/4/2 21:00,A,62741
2015/4/3 0:00,A,28527
2015/4/3 0:00,A,26177
2015/4/3 3:00,A,45090
2015/4/3 6:00,A,52631
2015/4/3 9:00,A,56893
2015/4/3 12:00,A,45880
2015/4/3 15:00,A,45135
2015/4/3 18:00,A,48636
2015/4/3 21:00,A,57813
2015/4/4 0:00,A,31205
2015/4/4 0:00,A,32747
2015/4/4 3:00,A,54272
2015/4/4 6:00,A,52921
2015/4/4 9:00,A,53834
2015/4/4 12:00,A,52006
2015/4/4 15:00,A,51933
2015/4/4 18:00,A,52805
2015/4/4 21:00,A,57041
2015/4/5 0:00,A,28589
2015/4/5 0:00,A,31446
2015/4/5 3:00,A,51680
2015/4/5 6:00,A,54601
2015/4/5 9:00,A,55870
2015/4/5 12:00,A,54609
2015/4/5 15:00,A,51752
2015/4/5 18:00,A,51579
2015/4/5 21:00,A,55285
2015/4/6 0:00,A,26564
2015/4/6 0:00,A,27225
2015/4/6 3:00,A,46577
2015/4/6 6:00,A,47454
2015/4/6 9:00,A,64790
2015/4/6 12:00,A,57763
2015/4/6 15:00,A,52429
2015/4/6 18:00,A,52961
2015/4/6 21:00,A,54531
2015/4/7 0:00,A,25392
2015/4/7 0:00,A,27138
2015/4/7 3:00,A,45339
2015/4/7 6:00,A,50708
2015/4/7 9:00,A,57065
2015/4/7 12:00,A,46611
2015/4/7 15:00,A,48140
2015/4/7 18:00,A,49348
2015/4/7 21:00,A,59345
2015/4/8 0:00,A,30143
2015/4/8 0:00,A,31027
2015/4/8 3:00,A,48697
2015/4/8 6:00,A,53845
2015/4/8 9:00,A,52704
2015/4/8 12:00,A,45319
2015/4/8 15:00,A,46824
2015/4/8 18:00,A,50494
2015/4/8 21:00,A,57485
2015/4/9 0:00,A,29881
2015/4/9 0:00,A,29997
2015/4/9 3:00,A,47118
2015/4/9 6:00,A,52311
2015/4/9 9:00,A,55147
2015/4/9 12:00,A,43417
2015/4/9 15:00,A,48737
2015/4/9 18:00,A,46392
2015/4/9 21:00,A,49147
2015/4/10 0:00,A,28260
2015/4/10 0:00,A,25203
2015/4/10 3:00,A,49614
2015/4/10 6:00,A,55679
2015/4/10 9:00,A,50731
2015/4/10 12:00,A,47124
2015/4/10 15:00,A,52245
2015/4/10 18:00,A,50814
2015/4/10 21:00,A,57866
2015/4/11 0:00,A,28512
2015/4/11 0:00,A,31928
2015/4/11 3:00,A,53995
2015/4/11 6:00,A,48953
2015/4/11 9:00,A,60554
2015/4/11 12:00,A,58906
2015/4/11 15:00,A,58641
2015/4/11 18:00,A,47336
2015/4/11 21:00,A,53261
2015/4/12 0:00,A,26344
2015/4/12 0:00,A,29872
2015/4/12 3:00,A,52947
2015/4/12 6:00,A,52384
2015/4/12 9:00,A,61350
2015/4/12 12:00,A,55093
2015/4/12 15:00,A,54361
2015/4/12 18:00,A,53400
2015/4/12 21:00,A,60460
2015/4/13 0:00,A,29858
2015/4/13 0:00,A,32344
2015/4/13 3:00,A,50856
2015/4/13 6:00,A,56913
2015/4/13 9:00,A,57430
2015/4/13 12:00,A,46050
2015/4/13 15:00,A,45986
2015/4/13 18:00,A,48105
2015/4/13 21:00,A,56709
2015/4/14 0:00,A,27858
2015/4/14 0:00,A,26534
2015/4/14 3:00,A,47788
2015/4/14 6:00,A,53059
2015/4/14 9:00,A,57059
2015/4/14 12:00,A,46525
2015/4/14 15:00,A,48850
2015/4/14 18:00,A,46429
2015/4/14 21:00,A,51878
2015/4/15 0:00,A,27045
2015/4/15 0:00,A,30803
2015/4/15 3:00,A,50566
2015/4/15 6:00,A,52859
2015/4/15 9:00,A,53317
2015/4/15 12:00,A,40785
2015/4/15 15:00,A,43497
2015/4/15 18:00,A,45123
2015/4/15 21:00,A,53799
2015/4/16 0:00,A,28022
2015/4/16 0:00,A,27607
2015/4/16 3:00,A,50373
2015/4/16 6:00,A,53075
2015/4/16 9:00,A,49717
2015/4/16 12:00,A,44726
2015/4/16 15:00,A,44018
2015/4/16 18:00,A,46043
2015/4/16 21:00,A,56880
2015/4/17 0:00,A,26918
2015/4/17 0:00,A,28962
2015/4/17 3:00,A,46149
2015/4/17 6:00,A,55186
2015/4/17 9:00,A,52663
2015/4/17 12:00,A,45658
2015/4/17 15:00,A,51033
2015/4/17 18:00,A,47539
2015/4/17 21:00,A,58300
2015/4/18 0:00,A,26696
2015/4/18 0:00,A,28547
2015/4/18 3:00,A,54281
2015/4/18 6:00,A,52362
2015/4/18 9:00,A,62332
2015/4/18 12:00,A,57392
2015/4/18 15:00,A,55741
2015/4/18 18:00,A,49405
2015/4/18 21:00,A,53176
2015/4/19 0:00,A,26109
2015/4/19 0:00,A,29565
2015/4/19 3:00,A,51287
2015/4/19 6:00,A,50599
2015/4/19 9:00,A,62717
2015/4/19 12:00,A,50712
2015/4/19 15:00,A,51066
2015/4/19 18:00,A,52003
2015/4/19 21:00,A,56670
2015/4/20 0:00,A,28338
2015/4/20 0:00,A,29826
2015/4/20 3:00,A,47824
2015/4/20 6:00,A,49013
2015/4/20 9:00,A,61879
2015/4/20 12:00,A,45963
2015/4/20 15:00,A,46799
2015/4/20 18:00,A,47349
2015/4/20 21:00,A,54810
2015/4/21 0:00,A,26984
2015/4/21 0:00,A,27058
2015/4/21 3:00,A,47347
2015/4/21 6:00,A,51057
2015/4/21 9:00,A,47040
2015/4/21 12:00,A,42535
2015/4/21 15:00,A,44717
2015/4/21 18:00,A,45300
2015/4/21 21:00,A,53728
2015/4/22 0:00,A,28718
2015/4/22 0:00,A,29309
2015/4/22 3:00,A,51554
2015/4/22 6:00,A,54986
2015/4/22 9:00,A,51234
2015/4/22 12:00,A,44075
2015/4/22 15:00,A,44494
2015/4/22 18:00,A,47976
2015/4/22 21:00,A,53010
2015/4/23 0:00,A,29618
2015/4/23 0:00,A,30531
2015/4/23 3:00,A,51229
2015/4/23 6:00,A,56164
2015/4/23 9:00,A,49488
2015/4/23 12:00,A,42603
2015/4/23 15:00,A,47279
2015/4/23 18:00,A,46467
2015/4/23 21:00,A,56481
2015/4/24 0:00,A,27130
2015/4/24 0:00,A,26582
2015/4/24 3:00,A,49252
2015/4/24 6:00,A,52767
2015/4/24 9:00,A,46942
2015/4/24 12:00,A,48920
2015/4/24 15:00,A,47555
2015/4/24 18:00,A,46488
2015/4/24 21:00,A,59041
2015/4/25 0:00,A,29213
2015/4/25 0:00,A,32008
2015/4/25 3:00,A,62103
2015/4/25 6:00,A,54169
2015/4/25 9:00,A,55493
2015/4/25 12:00,A,52615
2015/4/25 15:00,A,54832
2015/4/25 18:00,A,46583
2015/4/25 21:00,A,52030
2015/4/26 0:00,A,25581
2015/4/26 0:00,A,29598
2015/4/26 3:00,A,53025
2015/4/26 6:00,A,57614
2015/4/26 9:00,A,64812
2015/4/26 12:00,A,52340
2015/4/26 15:00,A,49651
2015/4/26 18:00,A,50050
2015/4/26 21:00,A,52692
2015/4/27 0:00,A,24284
2015/4/27 0:00,A,28187
2015/4/27 3:00,A,48769
2015/4/27 6:00,A,53213
2015/4/27 9:00,A,54413
2015/4/27 12:00,A,51762
2015/4/27 15:00,A,52744
2015/4/27 18:00,A,48039
2015/4/27 21:00,A,52021
2015/4/28 0:00,A,24641
2015/4/28 0:00,A,26811
2015/4/28 3:00,A,44073
2015/4/28 6:00,A,56052
2015/4/28 9:00,A,49520
2015/4/28 12:00,A,48187
2015/4/28 15:00,A,51798
2015/4/28 18:00,A,47193
2015/4/28 21:00,A,59556
2015/4/29 0:00,A,31102
2015/4/29 0:00,A,31570
2015/4/29 3:00,A,47562
2015/4/29 6:00,A,58991
2015/4/29 9:00,A,70475
2015/4/29 12:00,A,49097
2015/4/29 15:00,A,49736
2015/4/29 18:00,A,45188
2015/4/29 21:00,A,55360
2015/4/30 0:00,A,26902
2015/4/30 0:00,A,28625
2015/4/30 3:00,A,55452
2015/4/30 6:00,A,64570
2015/4/30 9:00,A,62742
2015/4/30 12:00,A,56155
2015/4/30 15:00,A,65307
2015/4/30 18:00,A,51638
2015/4/30 21:00,A,57632
2015/5/1 0:00,A,30451
2015/4/1 0:00,B,25884
2015/4/1 3:00,B,34673
2015/4/1 6:00,B,35469
2015/4/1 9:00,B,45757
2015/4/1 12:00,B,52201
2015/4/1 15:00,B,66072
2015/4/1 18:00,B,53446
2015/4/1 21:00,B,57952
2015/4/2 0:00,B,29932
2015/4/2 0:00,B,26610
2015/4/2 3:00,B,38642
2015/4/2 6:00,B,34387
2015/4/2 9:00,B,41510
2015/4/2 12:00,B,52353
2015/4/2 15:00,B,62076
2015/4/2 18:00,B,67238
2015/4/2 21:00,B,67359
2015/4/3 0:00,B,29104
2015/4/3 0:00,B,24333
2015/4/3 3:00,B,33710
2015/4/3 6:00,B,37658
2015/4/3 9:00,B,41588
2015/4/3 12:00,B,56383
2015/4/3 15:00,B,57744
2015/4/3 18:00,B,63068
2015/4/3 21:00,B,61105
2015/4/4 0:00,B,30267
2015/4/4 0:00,B,24650
2015/4/4 3:00,B,41752
2015/4/4 6:00,B,38608
2015/4/4 9:00,B,51425
2015/4/4 12:00,B,55104
2015/4/4 15:00,B,61730
2015/4/4 18:00,B,58499
2015/4/4 21:00,B,54285
2015/4/5 0:00,B,25808
2015/4/5 0:00,B,21898
2015/4/5 3:00,B,33943
2015/4/5 6:00,B,38567
2015/4/5 9:00,B,51205
2015/4/5 12:00,B,53907
2015/4/5 15:00,B,61815
2015/4/5 18:00,B,53152
2015/4/5 21:00,B,51163
2015/4/6 0:00,B,24533
2015/4/6 0:00,B,18958
2015/4/6 3:00,B,29837
2015/4/6 6:00,B,32365
2015/4/6 9:00,B,55317
2015/4/6 12:00,B,64479
2015/4/6 15:00,B,67912
2015/4/6 18:00,B,60264
2015/4/6 21:00,B,60246
2015/4/7 0:00,B,27732
2015/4/7 0:00,B,26215
2015/4/7 3:00,B,35197
2015/4/7 6:00,B,34838
2015/4/7 9:00,B,45425
2015/4/7 12:00,B,54487
2015/4/7 15:00,B,60983
2015/4/7 18:00,B,59359
2015/4/7 21:00,B,62347
2015/4/8 0:00,B,29939
2015/4/8 0:00,B,23488
2015/4/8 3:00,B,36508
2015/4/8 6:00,B,35158
2015/4/8 9:00,B,44992
2015/4/8 12:00,B,59213
2015/4/8 15:00,B,68499
2015/4/8 18:00,B,61174
2015/4/8 21:00,B,60683
2015/4/9 0:00,B,31434
2015/4/9 0:00,B,24386
2015/4/9 3:00,B,32664
2015/4/9 6:00,B,35968
2015/4/9 9:00,B,44672
2015/4/9 12:00,B,64585
2015/4/9 15:00,B,62799
2015/4/9 18:00,B,55299
2015/4/9 21:00,B,60929
2015/4/10 0:00,B,25523
2015/4/10 0:00,B,29595
2015/4/10 3:00,B,37824
2015/4/10 6:00,B,35306
2015/4/10 9:00,B,43351
2015/4/10 12:00,B,54331
2015/4/10 15:00,B,61808
2015/4/10 18:00,B,58293
2015/4/10 21:00,B,59019
2015/4/11 0:00,B,31040
2015/4/11 0:00,B,27433
2015/4/11 3:00,B,39120
2015/4/11 6:00,B,34321
2015/4/11 9:00,B,55746
2015/4/11 12:00,B,65662
2015/4/11 15:00,B,69823
2015/4/11 18:00,B,62822
2015/4/11 21:00,B,60405
2015/4/12 0:00,B,32355
2015/4/12 0:00,B,26292
2015/4/12 3:00,B,39299
2015/4/12 6:00,B,36511
2015/4/12 9:00,B,57616
2015/4/12 12:00,B,59961
2015/4/12 15:00,B,67577
2015/4/12 18:00,B,59618
2015/4/12 21:00,B,63180
2015/4/13 0:00,B,28906
2015/4/13 0:00,B,21542
2015/4/13 3:00,B,28922
2015/4/13 6:00,B,35013
2015/4/13 9:00,B,40198
2015/4/13 12:00,B,53040
2015/4/13 15:00,B,58869
2015/4/13 18:00,B,58384
2015/4/13 21:00,B,62046
2015/4/14 0:00,B,30720
2015/4/14 0:00,B,25677
2015/4/14 3:00,B,36669
2015/4/14 6:00,B,33589
2015/4/14 9:00,B,39657
2015/4/14 12:00,B,56849
2015/4/14 15:00,B,61151
2015/4/14 18:00,B,55045
2015/4/14 21:00,B,61914
2015/4/15 0:00,B,29364
2015/4/15 0:00,B,26228
2015/4/15 3:00,B,34104
2015/4/15 6:00,B,35747
2015/4/15 9:00,B,43219
2015/4/15 12:00,B,57327
2015/4/15 15:00,B,57991
2015/4/15 18:00,B,54856
2015/4/15 21:00,B,59534
2015/4/16 0:00,B,30740
2015/4/16 0:00,B,29187
2015/4/16 3:00,B,37140
2015/4/16 6:00,B,30217
2015/4/16 9:00,B,38121
2015/4/16 12:00,B,57817
2015/4/16 15:00,B,59164
2015/4/16 18:00,B,48702
2015/4/16 21:00,B,59954
2015/4/17 0:00,B,30672
2015/4/17 0:00,B,28536
2015/4/17 3:00,B,35848
2015/4/17 6:00,B,36541
2015/4/17 9:00,B,45082
2015/4/17 12:00,B,55761
2015/4/17 15:00,B,55183
2015/4/17 18:00,B,50494
2015/4/17 21:00,B,58806
2015/4/18 0:00,B,31295
2015/4/18 0:00,B,33626
2015/4/18 3:00,B,44079
2015/4/18 6:00,B,35074
2015/4/18 9:00,B,56678
2015/4/18 12:00,B,65298
2015/4/18 15:00,B,66369
2015/4/18 18:00,B,62276
2015/4/18 21:00,B,62726
2015/4/19 0:00,B,32078
2015/4/19 0:00,B,25529
2015/4/19 3:00,B,37578
2015/4/19 6:00,B,36860
2015/4/19 9:00,B,55941
2015/4/19 12:00,B,57433
2015/4/19 15:00,B,59293
2015/4/19 18:00,B,64082
2015/4/19 21:00,B,61352
2015/4/20 0:00,B,26943
2015/4/20 0:00,B,21330
2015/4/20 3:00,B,33136
2015/4/20 6:00,B,33492
2015/4/20 9:00,B,37443
2015/4/20 12:00,B,56368
2015/4/20 15:00,B,62778
2015/4/20 18:00,B,58869
2015/4/20 21:00,B,60025
2015/4/21 0:00,B,30846
2015/4/21 0:00,B,26178
2015/4/21 3:00,B,33292
2015/4/21 6:00,B,35811
2015/4/21 9:00,B,43913
2015/4/21 12:00,B,58930
2015/4/21 15:00,B,66564
2015/4/21 18:00,B,54542
2015/4/21 21:00,B,66430
2015/4/22 0:00,B,29534
2015/4/22 0:00,B,25136
2015/4/22 3:00,B,37430
2015/4/22 6:00,B,36030
2015/4/22 9:00,B,43553
2015/4/22 12:00,B,59417
2015/4/22 15:00,B,62224
2015/4/22 18:00,B,57111
2015/4/22 21:00,B,59406
2015/4/23 0:00,B,30780
2015/4/23 0:00,B,25915
2015/4/23 3:00,B,34526
2015/4/23 6:00,B,37676
2015/4/23 9:00,B,40801
2015/4/23 12:00,B,58718
2015/4/23 15:00,B,56931
2015/4/23 18:00,B,50040
2015/4/23 21:00,B,61863
2015/4/24 0:00,B,32118
2015/4/24 0:00,B,24246
2015/4/24 3:00,B,36830
2015/4/24 6:00,B,35162
2015/4/24 9:00,B,38099
2015/4/24 12:00,B,51818
2015/4/24 15:00,B,58130
2015/4/24 18:00,B,57191
2015/4/24 21:00,B,65058
2015/4/25 0:00,B,33671
2015/4/25 0:00,B,30933
2015/4/25 3:00,B,38768
2015/4/25 6:00,B,37290
2015/4/25 9:00,B,58414
2015/4/25 12:00,B,69716
2015/4/25 15:00,B,70453
2015/4/25 18:00,B,64265
2015/4/25 21:00,B,64304
2015/4/26 0:00,B,33115
2015/4/26 0:00,B,26210
2015/4/26 3:00,B,37984
2015/4/26 6:00,B,36170
2015/4/26 9:00,B,60958
2015/4/26 12:00,B,60886
2015/4/26 15:00,B,64561
2015/4/26 18:00,B,61511
2015/4/26 21:00,B,57879
2015/4/27 0:00,B,27771
2015/4/27 0:00,B,21926
2015/4/27 3:00,B,30110
2015/4/27 6:00,B,35192
2015/4/27 9:00,B,43325
2015/4/27 12:00,B,55263
2015/4/27 15:00,B,58884
2015/4/27 18:00,B,49887
2015/4/27 21:00,B,61319
2015/4/28 0:00,B,27453
2015/4/28 0:00,B,22225
2015/4/28 3:00,B,35428
2015/4/28 6:00,B,37785
2015/4/28 9:00,B,40079
2015/4/28 12:00,B,57259
2015/4/28 15:00,B,62537
2015/4/28 18:00,B,57990
2015/4/28 21:00,B,62386
2015/4/29 0:00,B,29189
2015/4/29 0:00,B,24842
2015/4/29 3:00,B,32730
2015/4/29 6:00,B,35429
2015/4/29 9:00,B,42429
2015/4/29 12:00,B,55178
2015/4/29 15:00,B,61421
2015/4/29 18:00,B,52263
2015/4/29 21:00,B,62044
2015/4/30 0:00,B,29613
2015/4/30 0:00,B,26569
2015/4/30 3:00,B,40611
2015/4/30 6:00,B,36165
2015/4/30 9:00,B,45764
2015/4/30 12:00,B,56393
2015/4/30 15:00,B,58881
2015/4/30 18:00,B,50410
2015/4/30 21:00,B,60322
2015/5/1 0:00,B,31425
2015/4/1 0:00,C,22247
2015/4/1 3:00,C,43278
2015/4/1 6:00,C,37617
2015/4/1 9:00,C,32563
2015/4/1 12:00,C,27670
2015/4/1 15:00,C,28131
2015/4/1 18:00,C,30622
2015/4/1 21:00,C,34432
2015/4/2 0:00,C,17982
2015/4/2 0:00,C,20390
2015/4/2 3:00,C,41105
2015/4/2 6:00,C,38078
2015/4/2 9:00,C,31751
2015/4/2 12:00,C,26045
2015/4/2 15:00,C,31507
2015/4/2 18:00,C,34893
2015/4/2 21:00,C,35621
2015/4/3 0:00,C,17302
2015/4/3 0:00,C,20438
2015/4/3 3:00,C,42178
2015/4/3 6:00,C,37127
2015/4/3 9:00,C,33405
2015/4/3 12:00,C,27956
2015/4/3 15:00,C,25073
2015/4/3 18:00,C,33915
2015/4/3 21:00,C,36502
2015/4/4 0:00,C,22293
2015/4/4 0:00,C,22588
2015/4/4 3:00,C,44616
2015/4/4 6:00,C,37923
2015/4/4 9:00,C,29426
2015/4/4 12:00,C,27747
2015/4/4 15:00,C,30204
2015/4/4 18:00,C,32838
2015/4/4 21:00,C,37039
2015/4/5 0:00,C,21757
2015/4/5 0:00,C,21068
2015/4/5 3:00,C,41263
2015/4/5 6:00,C,33844
2015/4/5 9:00,C,26347
2015/4/5 12:00,C,31132
2015/4/5 15:00,C,30708
2015/4/5 18:00,C,34674
2015/4/5 21:00,C,37676
2015/4/6 0:00,C,21928
2015/4/6 0:00,C,22441
2015/4/6 3:00,C,45124
2015/4/6 6:00,C,41023
2015/4/6 9:00,C,33362
2015/4/6 12:00,C,29468
2015/4/6 15:00,C,30958
2015/4/6 18:00,C,36284
2015/4/6 21:00,C,37455
2015/4/7 0:00,C,19851
2015/4/7 0:00,C,21843
2015/4/7 3:00,C,41497
2015/4/7 6:00,C,36620
2015/4/7 9:00,C,31521
2015/4/7 12:00,C,28604
2015/4/7 15:00,C,34076
2015/4/7 18:00,C,33334
2015/4/7 21:00,C,35174
2015/4/8 0:00,C,19849
2015/4/8 0:00,C,21604
2015/4/8 3:00,C,44632
2015/4/8 6:00,C,44698
2015/4/8 9:00,C,30899
2015/4/8 12:00,C,28517
2015/4/8 15:00,C,36022
2015/4/8 18:00,C,29067
2015/4/8 21:00,C,34213
2015/4/9 0:00,C,18754
2015/4/9 0:00,C,19441
2015/4/9 3:00,C,40546
2015/4/9 6:00,C,37301
2015/4/9 9:00,C,33137
2015/4/9 12:00,C,28136
2015/4/9 15:00,C,31441
2015/4/9 18:00,C,33330
2015/4/9 21:00,C,33514
2015/4/10 0:00,C,19347
2015/4/10 0:00,C,19111
2015/4/10 3:00,C,39965
2015/4/10 6:00,C,41815
2015/4/10 9:00,C,33274
2015/4/10 12:00,C,32525
2015/4/10 15:00,C,32938
2015/4/10 18:00,C,29750
2015/4/10 21:00,C,34126
2015/4/11 0:00,C,17722
2015/4/11 0:00,C,21160
2015/4/11 3:00,C,42007
2015/4/11 6:00,C,37984
2015/4/11 9:00,C,30149
2015/4/11 12:00,C,30431
2015/4/11 15:00,C,31328
2015/4/11 18:00,C,31543
2015/4/11 21:00,C,37059
2015/4/12 0:00,C,18893
2015/4/12 0:00,C,20407
2015/4/12 3:00,C,40962
2015/4/12 6:00,C,41522
2015/4/12 9:00,C,30583
2015/4/12 12:00,C,29194
2015/4/12 15:00,C,28504
2015/4/12 18:00,C,35559
2015/4/12 21:00,C,39340
2015/4/13 0:00,C,21527
2015/4/13 0:00,C,20545
2015/4/13 3:00,C,41177
2015/4/13 6:00,C,36054
2015/4/13 9:00,C,30391
2015/4/13 12:00,C,29395
2015/4/13 15:00,C,30515
2015/4/13 18:00,C,30613
2015/4/13 21:00,C,36905
2015/4/14 0:00,C,19370
2015/4/14 0:00,C,20397
2015/4/14 3:00,C,44355
2015/4/14 6:00,C,41887
2015/4/14 9:00,C,32952
2015/4/14 12:00,C,28418
2015/4/14 15:00,C,28692
2015/4/14 18:00,C,30851
2015/4/14 21:00,C,33262
2015/4/15 0:00,C,18463
2015/4/15 0:00,C,21937
2015/4/15 3:00,C,44536
2015/4/15 6:00,C,37975
2015/4/15 9:00,C,28630
2015/4/15 12:00,C,28186
2015/4/15 15:00,C,26451
2015/4/15 18:00,C,29812
2015/4/15 21:00,C,36230
2015/4/16 0:00,C,18995
2015/4/16 0:00,C,20059
2015/4/16 3:00,C,43666
2015/4/16 6:00,C,38482
2015/4/16 9:00,C,31318
2015/4/16 12:00,C,27793
2015/4/16 15:00,C,27402
2015/4/16 18:00,C,31819
2015/4/16 21:00,C,35077
2015/4/17 0:00,C,18982
2015/4/17 0:00,C,19411
2015/4/17 3:00,C,40747
2015/4/17 6:00,C,35513
2015/4/17 9:00,C,32932
2015/4/17 12:00,C,27866
2015/4/17 15:00,C,30661
2015/4/17 18:00,C,32546
2015/4/17 21:00,C,34035
2015/4/18 0:00,C,16751
2015/4/18 0:00,C,19734
2015/4/18 3:00,C,40122
2015/4/18 6:00,C,40592
2015/4/18 9:00,C,31049
2015/4/18 12:00,C,30207
2015/4/18 15:00,C,33661
2015/4/18 18:00,C,35536
2015/4/18 21:00,C,35502
2015/4/19 0:00,C,18316
2015/4/19 0:00,C,21042
2015/4/19 3:00,C,43443
2015/4/19 6:00,C,39614
2015/4/19 9:00,C,32297
2015/4/19 12:00,C,28793
2015/4/19 15:00,C,29926
2015/4/19 18:00,C,37127
2015/4/19 21:00,C,38328
2015/4/20 0:00,C,19428
2015/4/20 0:00,C,20161
2015/4/20 3:00,C,44179
2015/4/20 6:00,C,42223
2015/4/20 9:00,C,30803
2015/4/20 12:00,C,27514
2015/4/20 15:00,C,29815
2015/4/20 18:00,C,31925
2015/4/20 21:00,C,31618
2015/4/21 0:00,C,15285
2015/4/21 0:00,C,18772
2015/4/21 3:00,C,37774
2015/4/21 6:00,C,35011
2015/4/21 9:00,C,29253
2015/4/21 12:00,C,28822
2015/4/21 15:00,C,28303
2015/4/21 18:00,C,31347
2015/4/21 21:00,C,38309
2015/4/22 0:00,C,19937
2015/4/22 0:00,C,20137
2015/4/22 3:00,C,42466
2015/4/22 6:00,C,43577
2015/4/22 9:00,C,31838
2015/4/22 12:00,C,27372
2015/4/22 15:00,C,30499
2015/4/22 18:00,C,29567
2015/4/22 21:00,C,35215
2015/4/23 0:00,C,19423
2015/4/23 0:00,C,18552
2015/4/23 3:00,C,39162
2015/4/23 6:00,C,35620
2015/4/23 9:00,C,31423
2015/4/23 12:00,C,25827
2015/4/23 15:00,C,29810
2015/4/23 18:00,C,33079
2015/4/23 21:00,C,32804
2015/4/24 0:00,C,18890
2015/4/24 0:00,C,19451
2015/4/24 3:00,C,40161
2015/4/24 6:00,C,38316
2015/4/24 9:00,C,30801
2015/4/24 12:00,C,28570
2015/4/24 15:00,C,30853
2015/4/24 18:00,C,35658
2015/4/24 21:00,C,36879
2015/4/25 0:00,C,18838
2015/4/25 0:00,C,19235
2015/4/25 3:00,C,40793
2015/4/25 6:00,C,35904
2015/4/25 9:00,C,29486
2015/4/25 12:00,C,31089
2015/4/25 15:00,C,32654
2015/4/25 18:00,C,34827
2015/4/25 21:00,C,36969
2015/4/26 0:00,C,18633
2015/4/26 0:00,C,19268
2015/4/26 3:00,C,40525
2015/4/26 6:00,C,41171
2015/4/26 9:00,C,29682
2015/4/26 12:00,C,28932
2015/4/26 15:00,C,30505
2015/4/26 18:00,C,34275
2015/4/26 21:00,C,34586
2015/4/27 0:00,C,20652
2015/4/27 0:00,C,21394
2015/4/27 3:00,C,41733
2015/4/27 6:00,C,35196
2015/4/27 9:00,C,32470
2015/4/27 12:00,C,31428
2015/4/27 15:00,C,33731
2015/4/27 18:00,C,35324
2015/4/27 21:00,C,35174
2015/4/28 0:00,C,19078
2015/4/28 0:00,C,21804
2015/4/28 3:00,C,45536
2015/4/28 6:00,C,43368
2015/4/28 9:00,C,31969
2015/4/28 12:00,C,30813
2015/4/28 15:00,C,27402
2015/4/28 18:00,C,29917
2015/4/28 21:00,C,35158
2015/4/29 0:00,C,17853
2015/4/29 0:00,C,20410
2015/4/29 3:00,C,40027
2015/4/29 6:00,C,35209
2015/4/29 9:00,C,32841
2015/4/29 12:00,C,28549
2015/4/29 15:00,C,31889
2015/4/29 18:00,C,37811
2015/4/29 21:00,C,36199
2015/4/30 0:00,C,18147
2015/4/30 0:00,C,20123
2015/4/30 3:00,C,39101
2015/4/30 6:00,C,37760
2015/4/30 9:00,C,33645
2015/4/30 12:00,C,27535
2015/4/30 15:00,C,30399
2015/4/30 18:00,C,33836
2015/4/30 21:00,C,37987
2015/5/1 0:00,C,19288
2015/4/1 0:00,D,26125
2015/4/1 3:00,D,41181
2015/4/1 6:00,D,39784
2015/4/1 9:00,D,44816
2015/4/1 12:00,D,62739
2015/4/1 15:00,D,63843
2015/4/1 18:00,D,58860
2015/4/1 21:00,D,59308
2015/4/2 0:00,D,28813
2015/4/2 0:00,D,28163
2015/4/2 3:00,D,41392
2015/4/2 6:00,D,38161
2015/4/2 9:00,D,44957
2015/4/2 12:00,D,55259
2015/4/2 15:00,D,62841
2015/4/2 18:00,D,53838
2015/4/2 21:00,D,54363
2015/4/3 0:00,D,25759
2015/4/3 0:00,D,27674
2015/4/3 3:00,D,39824
2015/4/3 6:00,D,41670
2015/4/3 9:00,D,52832
2015/4/3 12:00,D,64002
2015/4/3 15:00,D,65606
2015/4/3 18:00,D,59886
2015/4/3 21:00,D,52684
2015/4/4 0:00,D,28138
2015/4/4 0:00,D,27603
2015/4/4 3:00,D,40528
2015/4/4 6:00,D,36208
2015/4/4 9:00,D,47230
2015/4/4 12:00,D,54199
2015/4/4 15:00,D,55943
2015/4/4 18:00,D,53491
2015/4/4 21:00,D,49054
2015/4/5 0:00,D,24225
2015/4/5 0:00,D,23234
2015/4/5 3:00,D,38679
2015/4/5 6:00,D,33532
2015/4/5 9:00,D,45381
2015/4/5 12:00,D,55777
2015/4/5 15:00,D,54796
2015/4/5 18:00,D,48753
2015/4/5 21:00,D,49247
2015/4/6 0:00,D,26147
2015/4/6 0:00,D,22806
2015/4/6 3:00,D,36615
2015/4/6 6:00,D,31668
2015/4/6 9:00,D,50760
2015/4/6 12:00,D,59163
2015/4/6 15:00,D,60072
2015/4/6 18:00,D,47032
2015/4/6 21:00,D,49458
2015/4/7 0:00,D,25781
2015/4/7 0:00,D,22968
2015/4/7 3:00,D,38620
2015/4/7 6:00,D,40584
2015/4/7 9:00,D,47394
2015/4/7 12:00,D,71647
2015/4/7 15:00,D,58722
2015/4/7 18:00,D,53277
2015/4/7 21:00,D,57238
2015/4/8 0:00,D,27612
2015/4/8 0:00,D,26369
2015/4/8 3:00,D,37762
2015/4/8 6:00,D,40924
2015/4/8 9:00,D,48786
2015/4/8 12:00,D,69468
2015/4/8 15:00,D,68037
2015/4/8 18:00,D,60032
2015/4/8 21:00,D,55884
2015/4/9 0:00,D,28686
2015/4/9 0:00,D,26129
2015/4/9 3:00,D,38334
2015/4/9 6:00,D,38642
2015/4/9 9:00,D,48998
2015/4/9 12:00,D,66102
2015/4/9 15:00,D,71662
2015/4/9 18:00,D,59251
2015/4/9 21:00,D,57980
2015/4/10 0:00,D,25750
2015/4/10 0:00,D,26167
2015/4/10 3:00,D,40384
2015/4/10 6:00,D,43000
2015/4/10 9:00,D,52777
2015/4/10 12:00,D,67378
2015/4/10 15:00,D,71237
2015/4/10 18:00,D,57435
2015/4/10 21:00,D,55128
2015/4/11 0:00,D,27782
2015/4/11 0:00,D,28228
2015/4/11 3:00,D,43845
2015/4/11 6:00,D,40470
2015/4/11 9:00,D,56778
2015/4/11 12:00,D,61416
2015/4/11 15:00,D,63148
2015/4/11 18:00,D,53745
2015/4/11 21:00,D,54527
2015/4/12 0:00,D,28918
2015/4/12 0:00,D,27844
2015/4/12 3:00,D,42354
2015/4/12 6:00,D,40251
2015/4/12 9:00,D,57220
2015/4/12 12:00,D,57763
2015/4/12 15:00,D,60435
2015/4/12 18:00,D,55085
2015/4/12 21:00,D,57550
2015/4/13 0:00,D,26053
2015/4/13 0:00,D,24488
2015/4/13 3:00,D,39278
2015/4/13 6:00,D,40683
2015/4/13 9:00,D,46503
2015/4/13 12:00,D,63898
2015/4/13 15:00,D,64277
2015/4/13 18:00,D,52538
2015/4/13 21:00,D,57526
2015/4/14 0:00,D,25977
2015/4/14 0:00,D,25877
2015/4/14 3:00,D,38960
2015/4/14 6:00,D,40469
2015/4/14 9:00,D,46314
2015/4/14 12:00,D,68036
2015/4/14 15:00,D,66337
2015/4/14 18:00,D,59900
2015/4/14 21:00,D,57652
2015/4/15 0:00,D,26957
2015/4/15 0:00,D,27866
2015/4/15 3:00,D,38918
2015/4/15 6:00,D,41139
2015/4/15 9:00,D,51262
2015/4/15 12:00,D,65879
2015/4/15 15:00,D,63762
2015/4/15 18:00,D,57865
2015/4/15 21:00,D,59489
2015/4/16 0:00,D,28143
2015/4/16 0:00,D,29343
2015/4/16 3:00,D,40639
2015/4/16 6:00,D,39145
2015/4/16 9:00,D,45744
2015/4/16 12:00,D,64150
2015/4/16 15:00,D,59466
2015/4/16 18:00,D,55277
2015/4/16 21:00,D,56396
2015/4/17 0:00,D,25587
2015/4/17 0:00,D,27588
2015/4/17 3:00,D,39709
2015/4/17 6:00,D,43993
2015/4/17 9:00,D,52249
2015/4/17 12:00,D,62849
2015/4/17 15:00,D,64874
2015/4/17 18:00,D,53372
2015/4/17 21:00,D,56751
2015/4/18 0:00,D,27813
2015/4/18 0:00,D,30062
2015/4/18 3:00,D,43805
2015/4/18 6:00,D,38250
2015/4/18 9:00,D,55391
2015/4/18 12:00,D,56338
2015/4/18 15:00,D,62832
2015/4/18 18:00,D,54103
2015/4/18 21:00,D,55120
2015/4/19 0:00,D,28016
2015/4/19 0:00,D,28415
2015/4/19 3:00,D,44601
2015/4/19 6:00,D,36420
2015/4/19 9:00,D,52121
2015/4/19 12:00,D,55767
2015/4/19 15:00,D,55285
2015/4/19 18:00,D,51635
2015/4/19 21:00,D,55394
2015/4/20 0:00,D,28668
2015/4/20 0:00,D,26321
2015/4/20 3:00,D,38786
2015/4/20 6:00,D,39000
2015/4/20 9:00,D,41204
2015/4/20 12:00,D,60383
2015/4/20 15:00,D,59923
2015/4/20 18:00,D,56011
2015/4/20 21:00,D,55233
2015/4/21 0:00,D,25563
2015/4/21 0:00,D,24445
2015/4/21 3:00,D,37719
2015/4/21 6:00,D,43607
2015/4/21 9:00,D,48921
2015/4/21 12:00,D,65772
2015/4/21 15:00,D,64776
2015/4/21 18:00,D,52423
2015/4/21 21:00,D,61163
2015/4/22 0:00,D,27927
2015/4/22 0:00,D,29450
2015/4/22 3:00,D,42524
2015/4/22 6:00,D,42829
2015/4/22 9:00,D,50722
2015/4/22 12:00,D,62086
2015/4/22 15:00,D,65899
2015/4/22 18:00,D,56777
2015/4/22 21:00,D,58806
2015/4/23 0:00,D,26563
2015/4/23 0:00,D,26480
2015/4/23 3:00,D,44247
2015/4/23 6:00,D,45547
2015/4/23 9:00,D,50476
2015/4/23 12:00,D,61692
2015/4/23 15:00,D,63429
2015/4/23 18:00,D,53982
2015/4/23 21:00,D,55681
2015/4/24 0:00,D,28683
2015/4/24 0:00,D,26614
2015/4/24 3:00,D,38483
2015/4/24 6:00,D,43663
2015/4/24 9:00,D,51568
2015/4/24 12:00,D,63501
2015/4/24 15:00,D,64496
2015/4/24 18:00,D,52563
2015/4/24 21:00,D,56843
2015/4/25 0:00,D,29108
2015/4/25 0:00,D,27870
2015/4/25 3:00,D,42616
2015/4/25 6:00,D,40838
2015/4/25 9:00,D,57406
2015/4/25 12:00,D,57305
2015/4/25 15:00,D,60511
2015/4/25 18:00,D,57470
2015/4/25 21:00,D,55543
2015/4/26 0:00,D,26740
2015/4/26 0:00,D,26607
2015/4/26 3:00,D,40659
2015/4/26 6:00,D,35155
2015/4/26 9:00,D,50018
2015/4/26 12:00,D,58615
2015/4/26 15:00,D,60884
2015/4/26 18:00,D,55920
2015/4/26 21:00,D,54442
2015/4/27 0:00,D,26284
2015/4/27 0:00,D,25001
2015/4/27 3:00,D,38338
2015/4/27 6:00,D,42726
2015/4/27 9:00,D,51523
2015/4/27 12:00,D,67016
2015/4/27 15:00,D,62171
2015/4/27 18:00,D,54656
2015/4/27 21:00,D,55755
2015/4/28 0:00,D,27279
2015/4/28 0:00,D,26080
2015/4/28 3:00,D,40560
2015/4/28 6:00,D,44183
2015/4/28 9:00,D,53832
2015/4/28 12:00,D,64822
2015/4/28 15:00,D,62237
2015/4/28 18:00,D,53862
2015/4/28 21:00,D,56077
2015/4/29 0:00,D,25408
2015/4/29 0:00,D,25618
2015/4/29 3:00,D,41233
2015/4/29 6:00,D,42738
2015/4/29 9:00,D,50853
2015/4/29 12:00,D,63579
2015/4/29 15:00,D,67587
2015/4/29 18:00,D,54293
2015/4/29 21:00,D,55428
2015/4/30 0:00,D,28896
2015/4/30 0:00,D,27947
2015/4/30 3:00,D,41139
2015/4/30 6:00,D,41307
2015/4/30 9:00,D,54033
2015/4/30 12:00,D,63291
2015/4/30 15:00,D,62956
2015/4/30 18:00,D,53139
2015/4/30 21:00,D,54096
2015/5/1 0:00,D,24996
2015/4/1 0:00,E,33942
2015/4/1 3:00,E,30128
2015/4/1 6:00,E,39100
2015/4/1 9:00,E,98565
2015/4/1 12:00,E,123762
2015/4/1 15:00,E,136181
2015/4/1 18:00,E,111047
2015/4/1 21:00,E,96733
2015/4/2 0:00,E,40065
2015/4/2 0:00,E,34836
2015/4/2 3:00,E,33320
2015/4/2 6:00,E,42092
2015/4/2 9:00,E,100319
2015/4/2 12:00,E,114063
2015/4/2 15:00,E,134347
2015/4/2 18:00,E,112012
2015/4/2 21:00,E,80972
2015/4/3 0:00,E,32999
2015/4/3 0:00,E,28019
2015/4/3 3:00,E,28817
2015/4/3 6:00,E,38865
2015/4/3 9:00,E,106633
2015/4/3 12:00,E,132833
2015/4/3 15:00,E,127205
2015/4/3 18:00,E,113308
2015/4/3 21:00,E,96227
2015/4/4 0:00,E,36737
2015/4/4 0:00,E,33097
2015/4/4 3:00,E,38307
2015/4/4 6:00,E,33729
2015/4/4 9:00,E,91983
2015/4/4 12:00,E,86667
2015/4/4 15:00,E,100479
2015/4/4 18:00,E,97489
2015/4/4 21:00,E,88464
2015/4/5 0:00,E,36189
2015/4/5 0:00,E,26646
2015/4/5 3:00,E,29812
2015/4/5 6:00,E,31758
2015/4/5 9:00,E,75094
2015/4/5 12:00,E,90341
2015/4/5 15:00,E,97944
2015/4/5 18:00,E,92512
2015/4/5 21:00,E,83920
2015/4/6 0:00,E,28468
2015/4/6 0:00,E,24489
2015/4/6 3:00,E,24664
2015/4/6 6:00,E,31278
2015/4/6 9:00,E,83886
2015/4/6 12:00,E,100320
2015/4/6 15:00,E,103311
2015/4/6 18:00,E,89640
2015/4/6 21:00,E,79335
2015/4/7 0:00,E,31256
2015/4/7 0:00,E,24140
2015/4/7 3:00,E,28045
2015/4/7 6:00,E,40015
2015/4/7 9:00,E,105270
2015/4/7 12:00,E,128940
2015/4/7 15:00,E,136165
2015/4/7 18:00,E,120861
2015/4/7 21:00,E,89500
2015/4/8 0:00,E,35620
2015/4/8 0:00,E,28235
2015/4/8 3:00,E,28883
2015/4/8 6:00,E,38229
2015/4/8 9:00,E,107556
2015/4/8 12:00,E,127688
2015/4/8 15:00,E,135499
2015/4/8 18:00,E,122288
2015/4/8 21:00,E,98309
2015/4/9 0:00,E,40018
2015/4/9 0:00,E,32888
2015/4/9 3:00,E,30735
2015/4/9 6:00,E,41997
2015/4/9 9:00,E,103535
2015/4/9 12:00,E,127467
2015/4/9 15:00,E,141306
2015/4/9 18:00,E,123600
2015/4/9 21:00,E,97653
2015/4/10 0:00,E,34578
2015/4/10 0:00,E,38252
2015/4/10 3:00,E,30350
2015/4/10 6:00,E,41013
2015/4/10 9:00,E,107377
2015/4/10 12:00,E,129056
2015/4/10 15:00,E,132788
2015/4/10 18:00,E,119446
2015/4/10 21:00,E,98564
2015/4/11 0:00,E,37644
2015/4/11 0:00,E,37855
2015/4/11 3:00,E,39902
2015/4/11 6:00,E,38898
2015/4/11 9:00,E,100989
2015/4/11 12:00,E,113210
2015/4/11 15:00,E,129254
2015/4/11 18:00,E,119827
2015/4/11 21:00,E,105329
2015/4/12 0:00,E,43360
2015/4/12 0:00,E,39012
2015/4/12 3:00,E,40057
2015/4/12 6:00,E,38140
2015/4/12 9:00,E,96618
2015/4/12 12:00,E,100502
2015/4/12 15:00,E,107550
2015/4/12 18:00,E,105991
2015/4/12 21:00,E,90541
2015/4/13 0:00,E,39077
2015/4/13 0:00,E,28237
2015/4/13 3:00,E,27950
2015/4/13 6:00,E,45229
2015/4/13 9:00,E,97691
2015/4/13 12:00,E,122581
2015/4/13 15:00,E,140676
2015/4/13 18:00,E,105986
2015/4/13 21:00,E,96854
2015/4/14 0:00,E,39971
2015/4/14 0:00,E,30121
2015/4/14 3:00,E,27544
2015/4/14 6:00,E,39174
2015/4/14 9:00,E,102342
2015/4/14 12:00,E,131222
2015/4/14 15:00,E,147262
2015/4/14 18:00,E,132321
2015/4/14 21:00,E,97116
2015/4/15 0:00,E,38902
2015/4/15 0:00,E,32330
2015/4/15 3:00,E,28589
2015/4/15 6:00,E,41831
2015/4/15 9:00,E,103202
2015/4/15 12:00,E,127170
2015/4/15 15:00,E,142316
2015/4/15 18:00,E,125706
2015/4/15 21:00,E,98572
2015/4/16 0:00,E,42334
2015/4/16 0:00,E,35651
2015/4/16 3:00,E,33567
2015/4/16 6:00,E,40879
2015/4/16 9:00,E,109969
2015/4/16 12:00,E,122801
2015/4/16 15:00,E,141378
2015/4/16 18:00,E,115979
2015/4/16 21:00,E,96439
2015/4/17 0:00,E,37901
2015/4/17 0:00,E,34884
2015/4/17 3:00,E,32436
2015/4/17 6:00,E,45404
2015/4/17 9:00,E,106050
2015/4/17 12:00,E,126801
2015/4/17 15:00,E,138805
2015/4/17 18:00,E,113179
2015/4/17 21:00,E,91140
2015/4/18 0:00,E,38669
2015/4/18 0:00,E,40372
2015/4/18 3:00,E,43818
2015/4/18 6:00,E,41417
2015/4/18 9:00,E,105199
2015/4/18 12:00,E,116758
2015/4/18 15:00,E,125736
2015/4/18 18:00,E,116460
2015/4/18 21:00,E,98776
2015/4/19 0:00,E,42814
2015/4/19 0:00,E,34962
2015/4/19 3:00,E,37436
2015/4/19 6:00,E,37247
2015/4/19 9:00,E,101001
2015/4/19 12:00,E,105930
2015/4/19 15:00,E,115717
2015/4/19 18:00,E,107573
2015/4/19 21:00,E,88512
2015/4/20 0:00,E,36736
2015/4/20 0:00,E,29219
2015/4/20 3:00,E,26768
2015/4/20 6:00,E,38003
2015/4/20 9:00,E,84373
2015/4/20 12:00,E,114600
2015/4/20 15:00,E,133414
2015/4/20 18:00,E,114365
2015/4/20 21:00,E,93908
2015/4/21 0:00,E,39435
2015/4/21 0:00,E,31308
2015/4/21 3:00,E,29483
2015/4/21 6:00,E,45105
2015/4/21 9:00,E,105695
2015/4/21 12:00,E,124862
2015/4/21 15:00,E,136262
2015/4/21 18:00,E,117821
2015/4/21 21:00,E,103597
2015/4/22 0:00,E,40078
2015/4/22 0:00,E,32250
2015/4/22 3:00,E,30667
2015/4/22 6:00,E,42997
2015/4/22 9:00,E,98685
2015/4/22 12:00,E,128779
2015/4/22 15:00,E,141219
2015/4/22 18:00,E,127253
2015/4/22 21:00,E,100828
2015/4/23 0:00,E,39749
2015/4/23 0:00,E,37974
2015/4/23 3:00,E,30969
2015/4/23 6:00,E,43879
2015/4/23 9:00,E,101854
2015/4/23 12:00,E,123574
2015/4/23 15:00,E,142235
2015/4/23 18:00,E,118566
2015/4/23 21:00,E,95697
2015/4/24 0:00,E,38476
2015/4/24 0:00,E,35467
2015/4/24 3:00,E,33011
2015/4/24 6:00,E,45678
2015/4/24 9:00,E,105989
2015/4/24 12:00,E,127030
2015/4/24 15:00,E,137813
2015/4/24 18:00,E,113857
2015/4/24 21:00,E,100143
2015/4/25 0:00,E,37684
2015/4/25 0:00,E,36932
2015/4/25 3:00,E,42737
2015/4/25 6:00,E,42952
2015/4/25 9:00,E,104302
2015/4/25 12:00,E,107158
2015/4/25 15:00,E,123111
2015/4/25 18:00,E,113640
2015/4/25 21:00,E,97439
2015/4/26 0:00,E,44554
2015/4/26 0:00,E,36081
2015/4/26 3:00,E,37334
2015/4/26 6:00,E,41794
2015/4/26 9:00,E,94989
2015/4/26 12:00,E,98277
2015/4/26 15:00,E,111207
2015/4/26 18:00,E,98499
2015/4/26 21:00,E,85460
2015/4/27 0:00,E,37683
2015/4/27 0:00,E,32479
2015/4/27 3:00,E,29227
2015/4/27 6:00,E,41737
2015/4/27 9:00,E,99117
2015/4/27 12:00,E,118426
2015/4/27 15:00,E,143317
2015/4/27 18:00,E,104440
2015/4/27 21:00,E,95257
2015/4/28 0:00,E,38497
2015/4/28 0:00,E,32065
2015/4/28 3:00,E,29552
2015/4/28 6:00,E,42624
2015/4/28 9:00,E,99344
2015/4/28 12:00,E,120439
2015/4/28 15:00,E,136327
2015/4/28 18:00,E,106713
2015/4/28 21:00,E,91151
2015/4/29 0:00,E,31606
2015/4/29 0:00,E,29678
2015/4/29 3:00,E,28530
2015/4/29 6:00,E,41897
2015/4/29 9:00,E,94060
2015/4/29 12:00,E,118460
2015/4/29 15:00,E,127191
2015/4/29 18:00,E,98887
2015/4/29 21:00,E,95905
2015/4/30 0:00,E,35806
2015/4/30 0:00,E,35005
2015/4/30 3:00,E,34021
2015/4/30 6:00,E,44620
2015/4/30 9:00,E,108114
2015/4/30 12:00,E,117002
2015/4/30 15:00,E,119459
2015/4/30 18:00,E,95850
2015/4/30 21:00,E,78931
2015/5/1 0:00,E,35079
2015/4/1 0:00,F,12788
2015/4/1 3:00,F,16739
2015/4/1 6:00,F,21181
2015/4/1 9:00,F,30800
2015/4/1 12:00,F,33548
2015/4/1 15:00,F,40563
2015/4/1 18:00,F,41139
2015/4/1 21:00,F,48007
2015/4/2 0:00,F,16985
2015/4/2 0:00,F,12898
2015/4/2 3:00,F,14843
2015/4/2 6:00,F,20904
2015/4/2 9:00,F,35300
2015/4/2 12:00,F,36475
2015/4/2 15:00,F,44374
2015/4/2 18:00,F,43004
2015/4/2 21:00,F,48692
2015/4/3 0:00,F,18327
2015/4/3 0:00,F,12308
2015/4/3 3:00,F,14467
2015/4/3 6:00,F,21503
2015/4/3 9:00,F,38955
2015/4/3 12:00,F,41945
2015/4/3 15:00,F,43481
2015/4/3 18:00,F,42427
2015/4/3 21:00,F,43552
2015/4/4 0:00,F,18763
2015/4/4 0:00,F,15291
2015/4/4 3:00,F,17194
2015/4/4 6:00,F,26171
2015/4/4 9:00,F,51688
2015/4/4 12:00,F,41518
2015/4/4 15:00,F,46804
2015/4/4 18:00,F,39949
2015/4/4 21:00,F,38258
2015/4/5 0:00,F,12309
2015/4/5 0:00,F,9923
2015/4/5 3:00,F,12965
2015/4/5 6:00,F,20904
2015/4/5 9:00,F,38075
2015/4/5 12:00,F,34412
2015/4/5 15:00,F,37863
2015/4/5 18:00,F,34986
2015/4/5 21:00,F,35813
2015/4/6 0:00,F,13137
2015/4/6 0:00,F,11139
2015/4/6 3:00,F,12607
2015/4/6 6:00,F,17451
2015/4/6 9:00,F,41697
2015/4/6 12:00,F,36755
2015/4/6 15:00,F,39539
2015/4/6 18:00,F,38816
2015/4/6 21:00,F,39554
2015/4/7 0:00,F,15311
2015/4/7 0:00,F,12103
2015/4/7 3:00,F,14159
2015/4/7 6:00,F,16354
2015/4/7 9:00,F,35298
2015/4/7 12:00,F,41855
2015/4/7 15:00,F,45017
2015/4/7 18:00,F,40750
2015/4/7 21:00,F,42370
2015/4/8 0:00,F,16276
2015/4/8 0:00,F,10897
2015/4/8 3:00,F,13157
2015/4/8 6:00,F,17659
2015/4/8 9:00,F,35077
2015/4/8 12:00,F,41942
2015/4/8 15:00,F,42555
2015/4/8 18:00,F,41930
2015/4/8 21:00,F,44714
2015/4/9 0:00,F,16992
2015/4/9 0:00,F,14505
2015/4/9 3:00,F,18129
2015/4/9 6:00,F,21383
2015/4/9 9:00,F,34121
2015/4/9 12:00,F,39950
2015/4/9 15:00,F,44483
2015/4/9 18:00,F,44200
2015/4/9 21:00,F,44423
2015/4/10 0:00,F,11330
2015/4/10 0:00,F,16890
2015/4/10 3:00,F,12496
2015/4/10 6:00,F,19517
2015/4/10 9:00,F,39678
2015/4/10 12:00,F,37945
2015/4/10 15:00,F,38522
2015/4/10 18:00,F,40654
2015/4/10 21:00,F,45573
2015/4/11 0:00,F,20660
2015/4/11 0:00,F,14763
2015/4/11 3:00,F,16620
2015/4/11 6:00,F,22939
2015/4/11 9:00,F,49969
2015/4/11 12:00,F,42149
2015/4/11 15:00,F,46852
2015/4/11 18:00,F,39969
2015/4/11 21:00,F,44163
2015/4/12 0:00,F,16630
2015/4/12 0:00,F,13821
2015/4/12 3:00,F,15811
2015/4/12 6:00,F,23718
2015/4/12 9:00,F,47255
2015/4/12 12:00,F,39671
2015/4/12 15:00,F,40900
2015/4/12 18:00,F,43116
2015/4/12 21:00,F,43776
2015/4/13 0:00,F,18180
2015/4/13 0:00,F,12909
2015/4/13 3:00,F,15387
2015/4/13 6:00,F,18576
2015/4/13 9:00,F,34796
2015/4/13 12:00,F,42251
2015/4/13 15:00,F,44305
2015/4/13 18:00,F,40823
2015/4/13 21:00,F,45416
2015/4/14 0:00,F,15454
2015/4/14 0:00,F,10159
2015/4/14 3:00,F,14258
2015/4/14 6:00,F,17648
2015/4/14 9:00,F,35905
2015/4/14 12:00,F,40122
2015/4/14 15:00,F,43741
2015/4/14 18:00,F,41838
2015/4/14 21:00,F,45257
2015/4/15 0:00,F,18033
2015/4/15 0:00,F,13209
2015/4/15 3:00,F,13523
2015/4/15 6:00,F,19990
2015/4/15 9:00,F,32597
2015/4/15 12:00,F,39540
2015/4/15 15:00,F,44884
2015/4/15 18:00,F,39614
2015/4/15 21:00,F,44964
2015/4/16 0:00,F,18400
2015/4/16 0:00,F,12844
2015/4/16 3:00,F,17100
2015/4/16 6:00,F,17891
2015/4/16 9:00,F,35393
2015/4/16 12:00,F,38078
2015/4/16 15:00,F,44366
2015/4/16 18:00,F,40874
2015/4/16 21:00,F,43792
2015/4/17 0:00,F,18506
2015/4/17 0:00,F,14662
2015/4/17 3:00,F,16822
2015/4/17 6:00,F,23301
2015/4/17 9:00,F,39755
2015/4/17 12:00,F,37811
2015/4/17 15:00,F,39792
2015/4/17 18:00,F,39239
2015/4/17 21:00,F,45100
2015/4/18 0:00,F,19165
2015/4/18 0:00,F,15935
2015/4/18 3:00,F,20339
2015/4/18 6:00,F,23222
2015/4/18 9:00,F,46206
2015/4/18 12:00,F,40807
2015/4/18 15:00,F,46561
2015/4/18 18:00,F,38430
2015/4/18 21:00,F,40373
2015/4/19 0:00,F,16552
2015/4/19 0:00,F,12350
2015/4/19 3:00,F,13886
2015/4/19 6:00,F,19393
2015/4/19 9:00,F,42785
2015/4/19 12:00,F,38876
2015/4/19 15:00,F,42234
2015/4/19 18:00,F,37594
2015/4/19 21:00,F,41422
2015/4/20 0:00,F,13766
2015/4/20 0:00,F,10793
2015/4/20 3:00,F,14667
2015/4/20 6:00,F,17934
2015/4/20 9:00,F,31614
2015/4/20 12:00,F,40102
2015/4/20 15:00,F,42984
2015/4/20 18:00,F,42787
2015/4/20 21:00,F,43407
2015/4/21 0:00,F,18656
2015/4/21 0:00,F,13096
2015/4/21 3:00,F,15219
2015/4/21 6:00,F,21353
2015/4/21 9:00,F,34584
2015/4/21 12:00,F,38953
2015/4/21 15:00,F,43060
2015/4/21 18:00,F,40562
2015/4/21 21:00,F,46670
2015/4/22 0:00,F,17336
2015/4/22 0:00,F,13224
2015/4/22 3:00,F,15651
2015/4/22 6:00,F,18985
2015/4/22 9:00,F,29928
2015/4/22 12:00,F,39164
2015/4/22 15:00,F,42463
2015/4/22 18:00,F,43194
2015/4/22 21:00,F,44984
2015/4/23 0:00,F,18429
2015/4/23 0:00,F,13858
2015/4/23 3:00,F,17292
2015/4/23 6:00,F,21896
2015/4/23 9:00,F,34013
2015/4/23 12:00,F,34115
2015/4/23 15:00,F,41338
2015/4/23 18:00,F,42958
2015/4/23 21:00,F,46203
2015/4/24 0:00,F,18703
2015/4/24 0:00,F,12666
2015/4/24 3:00,F,17297
2015/4/24 6:00,F,21734
2015/4/24 9:00,F,34295
2015/4/24 12:00,F,38350
2015/4/24 15:00,F,42225
2015/4/24 18:00,F,40004
2015/4/24 21:00,F,45944
2015/4/25 0:00,F,19281
2015/4/25 0:00,F,15424
2015/4/25 3:00,F,17816
2015/4/25 6:00,F,22597
2015/4/25 9:00,F,44684
2015/4/25 12:00,F,40015
2015/4/25 15:00,F,44913
2015/4/25 18:00,F,40657
2015/4/25 21:00,F,42280
2015/4/26 0:00,F,15933
2015/4/26 0:00,F,13855
2015/4/26 3:00,F,16348
2015/4/26 6:00,F,22102
2015/4/26 9:00,F,43980
2015/4/26 12:00,F,33388
2015/4/26 15:00,F,42258
2015/4/26 18:00,F,38980
2015/4/26 21:00,F,42972
2015/4/27 0:00,F,17177
2015/4/27 0:00,F,12737
2015/4/27 3:00,F,15560
2015/4/27 6:00,F,20310
2015/4/27 9:00,F,32361
2015/4/27 12:00,F,37978
2015/4/27 15:00,F,45479
2015/4/27 18:00,F,40938
2015/4/27 21:00,F,42720
2015/4/28 0:00,F,17447
2015/4/28 0:00,F,12704
2015/4/28 3:00,F,17283
2015/4/28 6:00,F,20926
2015/4/28 9:00,F,34259
2015/4/28 12:00,F,41289
2015/4/28 15:00,F,43586
2015/4/28 18:00,F,41305
2015/4/28 21:00,F,45536
2015/4/29 0:00,F,18307
2015/4/29 0:00,F,14107
2015/4/29 3:00,F,16493
2015/4/29 6:00,F,19762
2015/4/29 9:00,F,33191
2015/4/29 12:00,F,39484
2015/4/29 15:00,F,48053
2015/4/29 18:00,F,46027
2015/4/29 21:00,F,45483
2015/4/30 0:00,F,16138
2015/4/30 0:00,F,12305
2015/4/30 3:00,F,16633
2015/4/30 6:00,F,22392
2015/4/30 9:00,F,37261
2015/4/30 12:00,F,38732
2015/4/30 15:00,F,40407
2015/4/30 18:00,F,40474
2015/4/30 21:00,F,41811
2015/5/1 0:00,F,19394
2015/4/1 0:00,G,1035
2015/4/1 3:00,G,1732
2015/4/1 6:00,G,2902
2015/4/1 9:00,G,3314
2015/4/1 12:00,G,2694
2015/4/1 15:00,G,1723
2015/4/1 18:00,G,2350
2015/4/1 21:00,G,2532
2015/4/2 0:00,G,1612
2015/4/2 0:00,G,1957
2015/4/2 3:00,G,3082
2015/4/2 6:00,G,2486
2015/4/2 9:00,G,3512
2015/4/2 12:00,G,3237
2015/4/2 15:00,G,4379
2015/4/2 18:00,G,2823
2015/4/2 21:00,G,2553
2015/4/3 0:00,G,1540
2015/4/3 0:00,G,1847
2015/4/3 3:00,G,3278
2015/4/3 6:00,G,2995
2015/4/3 9:00,G,3269
2015/4/3 12:00,G,2182
2015/4/3 15:00,G,1994
2015/4/3 18:00,G,2435
2015/4/3 21:00,G,2571
2015/4/4 0:00,G,1260
2015/4/4 0:00,G,1624
2015/4/4 3:00,G,2967
2015/4/4 6:00,G,3190
2015/4/4 9:00,G,4445
2015/4/4 12:00,G,3119
2015/4/4 15:00,G,2650
2015/4/4 18:00,G,2873
2015/4/4 21:00,G,3063
2015/4/5 0:00,G,1527
2015/4/5 0:00,G,1390
2015/4/5 3:00,G,2933
2015/4/5 6:00,G,3268
2015/4/5 9:00,G,3875
2015/4/5 12:00,G,2498
2015/4/5 15:00,G,3046
2015/4/5 18:00,G,2412
2015/4/5 21:00,G,2327
2015/4/6 0:00,G,1624
2015/4/6 0:00,G,1666
2015/4/6 3:00,G,2935
2015/4/6 6:00,G,2984
2015/4/6 9:00,G,4887
2015/4/6 12:00,G,3844
2015/4/6 15:00,G,3245
2015/4/6 18:00,G,3943
2015/4/6 21:00,G,2341
2015/4/7 0:00,G,1570
2015/4/7 0:00,G,1535
2015/4/7 3:00,G,2835
2015/4/7 6:00,G,3334
2015/4/7 9:00,G,3470
2015/4/7 12:00,G,2760
2015/4/7 15:00,G,2537
2015/4/7 18:00,G,1984
2015/4/7 21:00,G,1446
2015/4/8 0:00,G,844
2015/4/8 0:00,G,1696
2015/4/8 3:00,G,2909
2015/4/8 6:00,G,4098
2015/4/8 9:00,G,3463
2015/4/8 12:00,G,2838
2015/4/8 15:00,G,2456
2015/4/8 18:00,G,1962
2015/4/8 21:00,G,1743
2015/4/9 0:00,G,1154
2015/4/9 0:00,G,1230
2015/4/9 3:00,G,3563
2015/4/9 6:00,G,3613
2015/4/9 9:00,G,3728
2015/4/9 12:00,G,2189
2015/4/9 15:00,G,2334
2015/4/9 18:00,G,1763
2015/4/9 21:00,G,1231
2015/4/10 0:00,G,1377
2015/4/10 0:00,G,1055
2015/4/10 3:00,G,3231
2015/4/10 6:00,G,3437
2015/4/10 9:00,G,3020
2015/4/10 12:00,G,2365
2015/4/10 15:00,G,2687
2015/4/10 18:00,G,3145
2015/4/10 21:00,G,2310
2015/4/11 0:00,G,1463
2015/4/11 0:00,G,2067
2015/4/11 3:00,G,3767
2015/4/11 6:00,G,2713
2015/4/11 9:00,G,3506
2015/4/11 12:00,G,3509
2015/4/11 15:00,G,2611
2015/4/11 18:00,G,3586
2015/4/11 21:00,G,2487
2015/4/12 0:00,G,1345
2015/4/12 0:00,G,1566
2015/4/12 3:00,G,3011
2015/4/12 6:00,G,3545
2015/4/12 9:00,G,4981
2015/4/12 12:00,G,2989
2015/4/12 15:00,G,3268
2015/4/12 18:00,G,3227
2015/4/12 21:00,G,2846
2015/4/13 0:00,G,1398
2015/4/13 0:00,G,1363
2015/4/13 3:00,G,2504
2015/4/13 6:00,G,3714
2015/4/13 9:00,G,4752
2015/4/13 12:00,G,2426
2015/4/13 15:00,G,2644
2015/4/13 18:00,G,2879
2015/4/13 21:00,G,2820
2015/4/14 0:00,G,1515
2015/4/14 0:00,G,1794
2015/4/14 3:00,G,3131
2015/4/14 6:00,G,3439
2015/4/14 9:00,G,4127
2015/4/14 12:00,G,3041
2015/4/14 15:00,G,3207
2015/4/14 18:00,G,2677
2015/4/14 21:00,G,2410
2015/4/15 0:00,G,1771
2015/4/15 0:00,G,1655
2015/4/15 3:00,G,2204
2015/4/15 6:00,G,3032
2015/4/15 9:00,G,3361
2015/4/15 12:00,G,2664
2015/4/15 15:00,G,2005
2015/4/15 18:00,G,2104
2015/4/15 21:00,G,1134
2015/4/16 0:00,G,548
2015/4/16 0:00,G,1667
2015/4/16 3:00,G,2348
2015/4/16 6:00,G,2816
2015/4/16 9:00,G,2948
2015/4/16 12:00,G,2038
2015/4/16 15:00,G,2016
2015/4/16 18:00,G,2565
2015/4/16 21:00,G,2555
2015/4/17 0:00,G,1207
2015/4/17 0:00,G,1909
2015/4/17 3:00,G,3371
2015/4/17 6:00,G,3283
2015/4/17 9:00,G,3363
2015/4/17 12:00,G,1955
2015/4/17 15:00,G,2306
2015/4/17 18:00,G,1838
2015/4/17 21:00,G,2193
2015/4/18 0:00,G,1219
2015/4/18 0:00,G,1690
2015/4/18 3:00,G,3322
2015/4/18 6:00,G,4253
2015/4/18 9:00,G,4348
2015/4/18 12:00,G,4199
2015/4/18 15:00,G,3007
2015/4/18 18:00,G,2044
2015/4/18 21:00,G,3012
2015/4/19 0:00,G,1495
2015/4/19 0:00,G,1932
2015/4/19 3:00,G,3058
2015/4/19 6:00,G,3972
2015/4/19 9:00,G,5747
2015/4/19 12:00,G,4439
2015/4/19 15:00,G,3438
2015/4/19 18:00,G,2355
2015/4/19 21:00,G,2298
2015/4/20 0:00,G,1510
2015/4/20 0:00,G,1708
2015/4/20 3:00,G,3368
2015/4/20 6:00,G,2916
2015/4/20 9:00,G,3957
2015/4/20 12:00,G,3540
2015/4/20 15:00,G,3102
2015/4/20 18:00,G,1818
2015/4/20 21:00,G,1853
2015/4/21 0:00,G,1262
2015/4/21 0:00,G,1258
2015/4/21 3:00,G,2194
2015/4/21 6:00,G,3053
2015/4/21 9:00,G,3661
2015/4/21 12:00,G,2124
2015/4/21 15:00,G,2738
2015/4/21 18:00,G,2377
2015/4/21 21:00,G,1504
2015/4/22 0:00,G,1032
2015/4/22 0:00,G,1849
2015/4/22 3:00,G,3367
2015/4/22 6:00,G,3558
2015/4/22 9:00,G,2993
2015/4/22 12:00,G,3337
2015/4/22 15:00,G,3324
2015/4/22 18:00,G,2339
2015/4/22 21:00,G,2652
2015/4/23 0:00,G,1518
2015/4/23 0:00,G,1785
2015/4/23 3:00,G,2581
2015/4/23 6:00,G,3062
2015/4/23 9:00,G,3089
2015/4/23 12:00,G,2312
2015/4/23 15:00,G,1813
2015/4/23 18:00,G,1734
2015/4/23 21:00,G,1988
2015/4/24 0:00,G,1465
2015/4/24 0:00,G,1573
2015/4/24 3:00,G,3174
2015/4/24 6:00,G,3624
2015/4/24 9:00,G,3466
2015/4/24 12:00,G,2887
2015/4/24 15:00,G,2744
2015/4/24 18:00,G,3271
2015/4/24 21:00,G,2192
2015/4/25 0:00,G,1418
2015/4/25 0:00,G,1556
2015/4/25 3:00,G,2763
2015/4/25 6:00,G,2936
2015/4/25 9:00,G,4031
2015/4/25 12:00,G,3946
2015/4/25 15:00,G,4414
2015/4/25 18:00,G,2856
2015/4/25 21:00,G,1917
2015/4/26 0:00,G,1166
2015/4/26 0:00,G,1512
2015/4/26 3:00,G,2271
2015/4/26 6:00,G,2443
2015/4/26 9:00,G,4563
2015/4/26 12:00,G,3377
2015/4/26 15:00,G,3559
2015/4/26 18:00,G,3972
2015/4/26 21:00,G,1857
2015/4/27 0:00,G,1006
2015/4/27 0:00,G,1710
2015/4/27 3:00,G,1998
2015/4/27 6:00,G,2808
2015/4/27 9:00,G,3977
2015/4/27 12:00,G,2277
2015/4/27 15:00,G,2333
2015/4/27 18:00,G,2029
2015/4/27 21:00,G,1841
2015/4/28 0:00,G,672
2015/4/28 0:00,G,1159
2015/4/28 3:00,G,2931
2015/4/28 6:00,G,2657
2015/4/28 9:00,G,2727
2015/4/28 12:00,G,3644
2015/4/28 15:00,G,2415
2015/4/28 18:00,G,2093
2015/4/28 21:00,G,1475
2015/4/29 0:00,G,1038
2015/4/29 0:00,G,1494
2015/4/29 3:00,G,2531
2015/4/29 6:00,G,3090
2015/4/29 9:00,G,2719
2015/4/29 12:00,G,2442
2015/4/29 15:00,G,1665
2015/4/29 18:00,G,2771
2015/4/29 21:00,G,1791
2015/4/30 0:00,G,1086
2015/4/30 0:00,G,1720
2015/4/30 3:00,G,3297
2015/4/30 6:00,G,2699
2015/4/30 9:00,G,2814
2015/4/30 12:00,G,3676
2015/4/30 15:00,G,3980
2015/4/30 18:00,G,2593
2015/4/30 21:00,G,2320
2015/5/1 0:00,G,1120
2015/4/1 0:00,H,8634
2015/4/1 3:00,H,4996
2015/4/1 6:00,H,11705
2015/4/1 9:00,H,45634
2015/4/1 12:00,H,42239
2015/4/1 15:00,H,49314
2015/4/1 18:00,H,48617
2015/4/1 21:00,H,34632
2015/4/2 0:00,H,12547
2015/4/2 0:00,H,8174
2015/4/2 3:00,H,7429
2015/4/2 6:00,H,12076
2015/4/2 9:00,H,44767
2015/4/2 12:00,H,35985
2015/4/2 15:00,H,49309
2015/4/2 18:00,H,45223
2015/4/2 21:00,H,30407
2015/4/3 0:00,H,10913
2015/4/3 0:00,H,6795
2015/4/3 3:00,H,5393
2015/4/3 6:00,H,11687
2015/4/3 9:00,H,45176
2015/4/3 12:00,H,42548
2015/4/3 15:00,H,50438
2015/4/3 18:00,H,46013
2015/4/3 21:00,H,32658
2015/4/4 0:00,H,13671
2015/4/4 0:00,H,9546
2015/4/4 3:00,H,6038
2015/4/4 6:00,H,8261
2015/4/4 9:00,H,30619
2015/4/4 12:00,H,30824
2015/4/4 15:00,H,36804
2015/4/4 18:00,H,28727
2015/4/4 21:00,H,22994
2015/4/5 0:00,H,8636
2015/4/5 0:00,H,5244
2015/4/5 3:00,H,4538
2015/4/5 6:00,H,7687
2015/4/5 9:00,H,26563
2015/4/5 12:00,H,31506
2015/4/5 15:00,H,32572
2015/4/5 18:00,H,28194
2015/4/5 21:00,H,22272
2015/4/6 0:00,H,7152
2015/4/6 0:00,H,4645
2015/4/6 3:00,H,3878
2015/4/6 6:00,H,7074
2015/4/6 9:00,H,28680
2015/4/6 12:00,H,28098
2015/4/6 15:00,H,31336
2015/4/6 18:00,H,28814
2015/4/6 21:00,H,24559
2015/4/7 0:00,H,9095
2015/4/7 0:00,H,5616
2015/4/7 3:00,H,3827
2015/4/7 6:00,H,10731
2015/4/7 9:00,H,41552
2015/4/7 12:00,H,42762
2015/4/7 15:00,H,46351
2015/4/7 18:00,H,45352
2015/4/7 21:00,H,34520
2015/4/8 0:00,H,12371
2015/4/8 0:00,H,6883
2015/4/8 3:00,H,3628
2015/4/8 6:00,H,11005
2015/4/8 9:00,H,43876
2015/4/8 12:00,H,41178
2015/4/8 15:00,H,51469
2015/4/8 18:00,H,47637
2015/4/8 21:00,H,35499
2015/4/9 0:00,H,13070
2015/4/9 0:00,H,7308
2015/4/9 3:00,H,4809
2015/4/9 6:00,H,11232
2015/4/9 9:00,H,50859
2015/4/9 12:00,H,44080
2015/4/9 15:00,H,50463
2015/4/9 18:00,H,48421
2015/4/9 21:00,H,36403
2015/4/10 0:00,H,8638
2015/4/10 0:00,H,15716
2015/4/10 3:00,H,7740
2015/4/10 6:00,H,14107
2015/4/10 9:00,H,50082
2015/4/10 12:00,H,45016
2015/4/10 15:00,H,51099
2015/4/10 18:00,H,51165
2015/4/10 21:00,H,33785
2015/4/11 0:00,H,15950
2015/4/11 0:00,H,11060
2015/4/11 3:00,H,8228
2015/4/11 6:00,H,12403
2015/4/11 9:00,H,36641
2015/4/11 12:00,H,39108
2015/4/11 15:00,H,42001
2015/4/11 18:00,H,36544
2015/4/11 21:00,H,29611
2015/4/12 0:00,H,12859
2015/4/12 0:00,H,7062
2015/4/12 3:00,H,6264
2015/4/12 6:00,H,9760
2015/4/12 9:00,H,33492
2015/4/12 12:00,H,35035
2015/4/12 15:00,H,37210
2015/4/12 18:00,H,34285
2015/4/12 21:00,H,28170
2015/4/13 0:00,H,11186
2015/4/13 0:00,H,5970
2015/4/13 3:00,H,4210
2015/4/13 6:00,H,13169
2015/4/13 9:00,H,43073
2015/4/13 12:00,H,40862
2015/4/13 15:00,H,52298
2015/4/13 18:00,H,46050
2015/4/13 21:00,H,33839
2015/4/14 0:00,H,11799
2015/4/14 0:00,H,7293
2015/4/14 3:00,H,5937
2015/4/14 6:00,H,11765
2015/4/14 9:00,H,42553
2015/4/14 12:00,H,45206
2015/4/14 15:00,H,50615
2015/4/14 18:00,H,47141
2015/4/14 21:00,H,35126
2015/4/15 0:00,H,13483
2015/4/15 0:00,H,7957
2015/4/15 3:00,H,4466
2015/4/15 6:00,H,12761
2015/4/15 9:00,H,46487
2015/4/15 12:00,H,45299
2015/4/15 15:00,H,53256
2015/4/15 18:00,H,47708
2015/4/15 21:00,H,37198
2015/4/16 0:00,H,14414
2015/4/16 0:00,H,9484
2015/4/16 3:00,H,8322
2015/4/16 6:00,H,11261
2015/4/16 9:00,H,47995
2015/4/16 12:00,H,40005
2015/4/16 15:00,H,47332
2015/4/16 18:00,H,47566
2015/4/16 21:00,H,35632
2015/4/17 0:00,H,13961
2015/4/17 0:00,H,8839
2015/4/17 3:00,H,4553
2015/4/17 6:00,H,13449
2015/4/17 9:00,H,52821
2015/4/17 12:00,H,43494
2015/4/17 15:00,H,56685
2015/4/17 18:00,H,48725
2015/4/17 21:00,H,35607
2015/4/18 0:00,H,14087
2015/4/18 0:00,H,12985
2015/4/18 3:00,H,10185
2015/4/18 6:00,H,10705
2015/4/18 9:00,H,34353
2015/4/18 12:00,H,37785
2015/4/18 15:00,H,41300
2015/4/18 18:00,H,37341
2015/4/18 21:00,H,30780
2015/4/19 0:00,H,12679
2015/4/19 0:00,H,7560
2015/4/19 3:00,H,6117
2015/4/19 6:00,H,11798
2015/4/19 9:00,H,34469
2015/4/19 12:00,H,33957
2015/4/19 15:00,H,33363
2015/4/19 18:00,H,34555
2015/4/19 21:00,H,29964
2015/4/20 0:00,H,10636
2015/4/20 0:00,H,5662
2015/4/20 3:00,H,4834
2015/4/20 6:00,H,11013
2015/4/20 9:00,H,37272
2015/4/20 12:00,H,40510
2015/4/20 15:00,H,49792
2015/4/20 18:00,H,49257
2015/4/20 21:00,H,33429
2015/4/21 0:00,H,13153
2015/4/21 0:00,H,8706
2015/4/21 3:00,H,5261
2015/4/21 6:00,H,12228
2015/4/21 9:00,H,45592
2015/4/21 12:00,H,42390
2015/4/21 15:00,H,50710
2015/4/21 18:00,H,53933
2015/4/21 21:00,H,37732
2015/4/22 0:00,H,16312
2015/4/22 0:00,H,9644
2015/4/22 3:00,H,7721
2015/4/22 6:00,H,11536
2015/4/22 9:00,H,51738
2015/4/22 12:00,H,43980
2015/4/22 15:00,H,51956
2015/4/22 18:00,H,51420
2015/4/22 21:00,H,36842
2015/4/23 0:00,H,14517
2015/4/23 0:00,H,9715
2015/4/23 3:00,H,7419
2015/4/23 6:00,H,12860
2015/4/23 9:00,H,50003
2015/4/23 12:00,H,41886
2015/4/23 15:00,H,53570
2015/4/23 18:00,H,48278
2015/4/23 21:00,H,35737
2015/4/24 0:00,H,13576
2015/4/24 0:00,H,8800
2015/4/24 3:00,H,5688
2015/4/24 6:00,H,13389
2015/4/24 9:00,H,51300
2015/4/24 12:00,H,44564
2015/4/24 15:00,H,52502
2015/4/24 18:00,H,50030
2015/4/24 21:00,H,34778
2015/4/25 0:00,H,15577
2015/4/25 0:00,H,12761
2015/4/25 3:00,H,9224
2015/4/25 6:00,H,12929
2015/4/25 9:00,H,38645
2015/4/25 12:00,H,36647
2015/4/25 15:00,H,39930
2015/4/25 18:00,H,37005
2015/4/25 21:00,H,29869
2015/4/26 0:00,H,11757
2015/4/26 0:00,H,7954
2015/4/26 3:00,H,7287
2015/4/26 6:00,H,12330
2015/4/26 9:00,H,34057
2015/4/26 12:00,H,34230
2015/4/26 15:00,H,37405
2015/4/26 18:00,H,34063
2015/4/26 21:00,H,26378
2015/4/27 0:00,H,10033
2015/4/27 0:00,H,5218
2015/4/27 3:00,H,4077
2015/4/27 6:00,H,12785
2015/4/27 9:00,H,42559
2015/4/27 12:00,H,40347
2015/4/27 15:00,H,51007
2015/4/27 18:00,H,49988
2015/4/27 21:00,H,34863
2015/4/28 0:00,H,12935
2015/4/28 0:00,H,6788
2015/4/28 3:00,H,6173
2015/4/28 6:00,H,12246
2015/4/28 9:00,H,53026
2015/4/28 12:00,H,47060
2015/4/28 15:00,H,51679
2015/4/28 18:00,H,50575
2015/4/28 21:00,H,33954
2015/4/29 0:00,H,11930
2015/4/29 0:00,H,8894
2015/4/29 3:00,H,5270
2015/4/29 6:00,H,12266
2015/4/29 9:00,H,52192
2015/4/29 12:00,H,41765
2015/4/29 15:00,H,51829
2015/4/29 18:00,H,48765
2015/4/29 21:00,H,33523
2015/4/30 0:00,H,13537
2015/4/30 0:00,H,8171
2015/4/30 3:00,H,5897
2015/4/30 6:00,H,14336
2015/4/30 9:00,H,51102
2015/4/30 12:00,H,43360
2015/4/30 15:00,H,51311
2015/4/30 18:00,H,49219
2015/4/30 21:00,H,31302
2015/5/1 0:00,H,12394
2015/4/1 0:00,J,7822
2015/4/1 3:00,J,7905
2015/4/1 6:00,J,7145
2015/4/1 9:00,J,25150
2015/4/1 12:00,J,30281
2015/4/1 15:00,J,21374
2015/4/1 18:00,J,25461
2015/4/1 21:00,J,25776
2015/4/2 0:00,J,11529
2015/4/2 0:00,J,6833
2015/4/2 3:00,J,7011
2015/4/2 6:00,J,7575
2015/4/2 9:00,J,25632
2015/4/2 12:00,J,25229
2015/4/2 15:00,J,21076
2015/4/2 18:00,J,21816
2015/4/2 21:00,J,18602
2015/4/3 0:00,J,10472
2015/4/3 0:00,J,6780
2015/4/3 3:00,J,6299
2015/4/3 6:00,J,6183
2015/4/3 9:00,J,27405
2015/4/3 12:00,J,27563
2015/4/3 15:00,J,24248
2015/4/3 18:00,J,28052
2015/4/3 21:00,J,30628
2015/4/4 0:00,J,10068
2015/4/4 0:00,J,6874
2015/4/4 3:00,J,8140
2015/4/4 6:00,J,7471
2015/4/4 9:00,J,12186
2015/4/4 12:00,J,12246
2015/4/4 15:00,J,9677
2015/4/4 18:00,J,11649
2015/4/4 21:00,J,10976
2015/4/5 0:00,J,3660
2015/4/5 0:00,J,3171
2015/4/5 3:00,J,3907
2015/4/5 6:00,J,4774
2015/4/5 9:00,J,11198
2015/4/5 12:00,J,11305
2015/4/5 15:00,J,9587
2015/4/5 18:00,J,8323
2015/4/5 21:00,J,8370
2015/4/6 0:00,J,3936
2015/4/6 0:00,J,3040
2015/4/6 3:00,J,4109
2015/4/6 6:00,J,4650
2015/4/6 9:00,J,11885
2015/4/6 12:00,J,13316
2015/4/6 15:00,J,10721
2015/4/6 18:00,J,11064
2015/4/6 21:00,J,10856
2015/4/7 0:00,J,4164
2015/4/7 0:00,J,3589
2015/4/7 3:00,J,3598
2015/4/7 6:00,J,6757
2015/4/7 9:00,J,27173
2015/4/7 12:00,J,25306
2015/4/7 15:00,J,22801
2015/4/7 18:00,J,22622
2015/4/7 21:00,J,22103
2015/4/8 0:00,J,11279
2015/4/8 0:00,J,6831
2015/4/8 3:00,J,7434
2015/4/8 6:00,J,6398
2015/4/8 9:00,J,30589
2015/4/8 12:00,J,26832
2015/4/8 15:00,J,20189
2015/4/8 18:00,J,22151
2015/4/8 21:00,J,18989
2015/4/9 0:00,J,11616
2015/4/9 0:00,J,9529
2015/4/9 3:00,J,7554
2015/4/9 6:00,J,7040
2015/4/9 9:00,J,27555
2015/4/9 12:00,J,27426
2015/4/9 15:00,J,21484
2015/4/9 18:00,J,22019
2015/4/9 21:00,J,22919
2015/4/10 0:00,J,8793
2015/4/10 0:00,J,12372
2015/4/10 3:00,J,7886
2015/4/10 6:00,J,7320
2015/4/10 9:00,J,30773
2015/4/10 12:00,J,27254
2015/4/10 15:00,J,17475
2015/4/10 18:00,J,21192
2015/4/10 21:00,J,21658
2015/4/11 0:00,J,11168
2015/4/11 0:00,J,8062
2015/4/11 3:00,J,8691
2015/4/11 6:00,J,7922
2015/4/11 9:00,J,13794
2015/4/11 12:00,J,12486
2015/4/11 15:00,J,11328
2015/4/11 18:00,J,15181
2015/4/11 21:00,J,11777
2015/4/12 0:00,J,5801
2015/4/12 0:00,J,5567
2015/4/12 3:00,J,5072
2015/4/12 6:00,J,4982
2015/4/12 9:00,J,12461
2015/4/12 12:00,J,13396
2015/4/12 15:00,J,10846
2015/4/12 18:00,J,11516
2015/4/12 21:00,J,11472
2015/4/13 0:00,J,4819
2015/4/13 0:00,J,4040
2015/4/13 3:00,J,3658
2015/4/13 6:00,J,6426
2015/4/13 9:00,J,28322
2015/4/13 12:00,J,23954
2015/4/13 15:00,J,23505
2015/4/13 18:00,J,23957
2015/4/13 21:00,J,22150
2015/4/14 0:00,J,9891
2015/4/14 0:00,J,5569
2015/4/14 3:00,J,4481
2015/4/14 6:00,J,6004
2015/4/14 9:00,J,27511
2015/4/14 12:00,J,27986
2015/4/14 15:00,J,23454
2015/4/14 18:00,J,20252
2015/4/14 21:00,J,21231
2015/4/15 0:00,J,10970
2015/4/15 0:00,J,7305
2015/4/15 3:00,J,5502
2015/4/15 6:00,J,6409
2015/4/15 9:00,J,27609
2015/4/15 12:00,J,29697
2015/4/15 15:00,J,21847
2015/4/15 18:00,J,24367
2015/4/15 21:00,J,19954
2015/4/16 0:00,J,11694
2015/4/16 0:00,J,8935
2015/4/16 3:00,J,8394
2015/4/16 6:00,J,6687
2015/4/16 9:00,J,31652
2015/4/16 12:00,J,26979
2015/4/16 15:00,J,22508
2015/4/16 18:00,J,25071
2015/4/16 21:00,J,20682
2015/4/17 0:00,J,9290
2015/4/17 0:00,J,7153
2015/4/17 3:00,J,6871
2015/4/17 6:00,J,8392
2015/4/17 9:00,J,30067
2015/4/17 12:00,J,30668
2015/4/17 15:00,J,22954
2015/4/17 18:00,J,23038
2015/4/17 21:00,J,21455
2015/4/18 0:00,J,9298
2015/4/18 0:00,J,6678
2015/4/18 3:00,J,7935
2015/4/18 6:00,J,7189
2015/4/18 9:00,J,13233
2015/4/18 12:00,J,15478
2015/4/18 15:00,J,12285
2015/4/18 18:00,J,14486
2015/4/18 21:00,J,12848
2015/4/19 0:00,J,5425
2015/4/19 0:00,J,3656
2015/4/19 3:00,J,5258
2015/4/19 6:00,J,4936
2015/4/19 9:00,J,10325
2015/4/19 12:00,J,14089
2015/4/19 15:00,J,10572
2015/4/19 18:00,J,14196
2015/4/19 21:00,J,10542
2015/4/20 0:00,J,4566
2015/4/20 0:00,J,3609
2015/4/20 3:00,J,3906
2015/4/20 6:00,J,6763
2015/4/20 9:00,J,28853
2015/4/20 12:00,J,28133
2015/4/20 15:00,J,21738
2015/4/20 18:00,J,22311
2015/4/20 21:00,J,22170
2015/4/21 0:00,J,11361
2015/4/21 0:00,J,7306
2015/4/21 3:00,J,7461
2015/4/21 6:00,J,7184
2015/4/21 9:00,J,25807
2015/4/21 12:00,J,24318
2015/4/21 15:00,J,22264
2015/4/21 18:00,J,21764
2015/4/21 21:00,J,21622
2015/4/22 0:00,J,11450
2015/4/22 0:00,J,9147
2015/4/22 3:00,J,6097
2015/4/22 6:00,J,5984
2015/4/22 9:00,J,27756
2015/4/22 12:00,J,26792
2015/4/22 15:00,J,23330
2015/4/22 18:00,J,22507
2015/4/22 21:00,J,19763
2015/4/23 0:00,J,10791
2015/4/23 0:00,J,8210
2015/4/23 3:00,J,7859
2015/4/23 6:00,J,7579
2015/4/23 9:00,J,32846
2015/4/23 12:00,J,31370
2015/4/23 15:00,J,26692
2015/4/23 18:00,J,21757
2015/4/23 21:00,J,24789
2015/4/24 0:00,J,11081
2015/4/24 0:00,J,9158
2015/4/24 3:00,J,8741
2015/4/24 6:00,J,7060
2015/4/24 9:00,J,27716
2015/4/24 12:00,J,28656
2015/4/24 15:00,J,20928
2015/4/24 18:00,J,25143
2015/4/24 21:00,J,21627
2015/4/25 0:00,J,10195
2015/4/25 0:00,J,7646
2015/4/25 3:00,J,10983
2015/4/25 6:00,J,7875
2015/4/25 9:00,J,13391
2015/4/25 12:00,J,14124
2015/4/25 15:00,J,11504
2015/4/25 18:00,J,12965
2015/4/25 21:00,J,15094
2015/4/26 0:00,J,6361
2015/4/26 0:00,J,4187
2015/4/26 3:00,J,4567
2015/4/26 6:00,J,4276
2015/4/26 9:00,J,10038
2015/4/26 12:00,J,12977
2015/4/26 15:00,J,9588
2015/4/26 18:00,J,11472
2015/4/26 21:00,J,11733
2015/4/27 0:00,J,4305
2015/4/27 0:00,J,3126
2015/4/27 3:00,J,4150
2015/4/27 6:00,J,7444
2015/4/27 9:00,J,27109
2015/4/27 12:00,J,28362
2015/4/27 15:00,J,22420
2015/4/27 18:00,J,26298
2015/4/27 21:00,J,23149
2015/4/28 0:00,J,9350
2015/4/28 0:00,J,7004
2015/4/28 3:00,J,8388
2015/4/28 6:00,J,7376
2015/4/28 9:00,J,25205
2015/4/28 12:00,J,25868
2015/4/28 15:00,J,22735
2015/4/28 18:00,J,20257
2015/4/28 21:00,J,20467
2015/4/29 0:00,J,9063
2015/4/29 0:00,J,6090
2015/4/29 3:00,J,7258
2015/4/29 6:00,J,7123
2015/4/29 9:00,J,23624
2015/4/29 12:00,J,27914
2015/4/29 15:00,J,27704
2015/4/29 18:00,J,24335
2015/4/29 21:00,J,21311
2015/4/30 0:00,J,7722
2015/4/30 0:00,J,5736
2015/4/30 3:00,J,6342
2015/4/30 6:00,J,8331
2015/4/30 9:00,J,26838
2015/4/30 12:00,J,28661
2015/4/30 15:00,J,19777
2015/4/30 18:00,J,21882
2015/4/30 21:00,J,21933
2015/5/1 0:00,J,8009
,,
