时间,区域,出租车数量,公交车数量,气温,风向,风速,雨量,AQI,空气质量
2015-04-01 00:00:00,A,30587,0,21.2,////,0,0,94,良
2015-04-01 03:00:00,A,49017,0,18.8,156,0.3,0,99,良
2015-04-01 06:00:00,A,53942,96,18.1,101,0.9,0,105,轻度污染
2015-04-01 09:00:00,A,55878,223,21.2,84,5.7,0,103,轻度污染
2015-04-01 12:00:00,A,43004,173,22.4,70,4.9,0,43,优
2015-04-01 15:00:00,A,43651,159,20.6,55,6.1,0,52,良
2015-04-01 18:00:00,A,45308,193,17.4,90,6,0,63,良
2015-04-01 21:00:00,A,58081,144,15.2,80,3.3,0,48,优
2015-04-02 00:00:00,A,57117,9,16.2,105,5.3,0,35,优
2015-04-02 03:00:00,A,51852,0,16.6,118,2.1,0,46,优
2015-04-02 06:00:00,A,56917,84,18.4,146,2.3,0,26,优
2015-04-02 09:00:00,A,56767,213,23.7,174,6.6,0,57,良
2015-04-02 12:00:00,A,45786,45,29.8,182,8.4,0,77,良
2015-04-02 15:00:00,A,48851,94,31.3,173,6.7,0,80,良
2015-04-02 18:00:00,A,51070,178,22.1,316,2.9,0.2,150,轻度污染
2015-04-02 21:00:00,A,62741,150,20.2,304,5.3,0.6,36,优
2015-04-03 00:00:00,A,54704,13,16.5,310,3.7,0,62,良
2015-04-03 03:00:00,A,45090,0,14.6,17,2.9,2.6,89,良
2015-04-03 06:00:00,A,52631,85,13,12,4.6,0,83,良
2015-04-03 09:00:00,A,56893,213,13.3,32,3,0,102,轻度污染
2015-04-03 12:00:00,A,45880,181,12.8,69,5.5,0,128,轻度污染
2015-04-03 15:00:00,A,45135,160,12.5,53,5.1,0,118,轻度污染
2015-04-03 18:00:00,A,48636,188,11.8,86,4.5,0,59,良
2015-04-03 21:00:00,A,57813,141,11.7,83,3.9,0,52,良
2015-04-04 00:00:00,A,63952,13,11.8,98,3.6,0,46,优
2015-04-04 03:00:00,A,54272,0,12.6,105,4.4,0,48,优
2015-04-04 06:00:00,A,52921,71,13,106,4.8,0,53,良
2015-04-04 09:00:00,A,53834,169,13.6,91,2.7,0.1,53,良
2015-04-04 12:00:00,A,52006,170,16.9,231,2.5,0,59,良
2015-04-04 15:00:00,A,51933,146,17.1,281,3.3,0,92,良
2015-04-04 18:00:00,A,52805,156,15.9,301,4,0,119,轻度污染
2015-04-04 21:00:00,A,57041,106,15.2,56,3.1,0,170,中度污染
2015-04-05 00:00:00,A,60035,12,14.1,52,2.2,0,150,轻度污染
2015-04-05 03:00:00,A,51680,0,13,61,3.1,0,108,轻度污染
2015-04-05 06:00:00,A,54601,70,12.5,20,2,0.1,63,良
2015-04-05 09:00:00,A,55870,170,13.2,66,3,0,78,良
2015-04-05 12:00:00,A,54609,171,13.3,64,4,0,74,良
2015-04-05 15:00:00,A,51752,148,13.1,44,5.3,0,59,良
2015-04-05 18:00:00,A,51579,176,12.1,29,3.3,0,49,优
2015-04-05 21:00:00,A,55285,114,10.9,72,1.9,0,28,优
2015-04-06 00:00:00,A,53789,13,11.2,46,3.9,3.2,46,优
2015-04-06 03:00:00,A,46577,0,11.2,0,1.8,1.3,23,优
2015-04-06 06:00:00,A,47454,72,11.1,28,4.9,2.3,29,优
2015-04-06 09:00:00,A,64790,170,10.6,29,3.5,1.8,32,优
2015-04-06 12:00:00,A,57763,157,11.3,25,5.5,0,38,优
2015-04-06 15:00:00,A,52429,151,11.8,14,3.5,0,25,优
2015-04-06 18:00:00,A,52961,159,10.1,46,6.3,1.4,51,良
2015-04-06 21:00:00,A,54531,106,9.5,25,7.8,0.2,47,优
2015-04-07 00:00:00,A,52530,14,8.6,0,7.5,1.4,62,良
2015-04-07 03:00:00,A,45339,0,7.9,8,10,0.5,41,优
2015-04-07 06:00:00,A,50708,88,8,54,4.3,0,30,优
2015-04-07 09:00:00,A,57065,219,8,16,5.6,0,46,优
2015-04-07 12:00:00,A,46611,178,8.9,58,4.9,0,48,优
2015-04-07 15:00:00,A,48140,156,7.7,41,7.1,0.1,39,优
2015-04-07 18:00:00,A,49348,192,7.4,343,3.4,0.2,37,优
2015-04-07 21:00:00,A,59345,157,5.9,40,2.5,0.2,24,优
2015-04-08 00:00:00,A,61170,12,5.2,261,0.8,0,28,优
2015-04-08 03:00:00,A,48697,0,7,339,4.1,0,46,优
2015-04-08 06:00:00,A,53845,84,6.7,358,4,0,42,优
2015-04-08 09:00:00,A,52704,204,8.7,8,5.1,0,/,/
2015-04-08 12:00:00,A,45319,162,10.7,37,3.6,0,43,优
2015-04-08 15:00:00,A,46824,144,11.6,28,2.4,0,41,优
2015-04-08 18:00:00,A,50494,181,10,36,4.1,0,39,优
2015-04-08 21:00:00,A,57485,145,7.9,56,3.9,0,32,优
2015-04-09 00:00:00,A,59878,12,7.1,65,1.9,0,36,优
2015-04-09 03:00:00,A,47118,0,4.6,52,0.7,0,34,优
2015-04-09 06:00:00,A,52311,89,3.9,83,0.8,0,41,优
2015-04-09 09:00:00,A,55147,205,10.9,115,4.4,0,45,优
2015-04-09 12:00:00,A,43417,177,12.9,92,5.1,0,40,优
2015-04-09 15:00:00,A,48737,161,13,71,4.2,0,40,优
2015-04-09 18:00:00,A,46392,187,12.1,116,4.5,0,53,良
2015-04-09 21:00:00,A,49147,148,11.5,113,1.7,0,53,良
2015-04-10 00:00:00,A,53463,11,10.9,////,0,0,51,良
2015-04-10 03:00:00,A,49614,0,10.1,66,1.9,0,54,良
2015-04-10 06:00:00,A,55679,89,10,////,0,0,55,良
2015-04-10 09:00:00,A,50731,222,14.1,3,4.2,0,52,良
2015-04-10 12:00:00,A,47124,178,14.9,3,4.1,0,64,良
2015-04-10 15:00:00,A,52245,157,16.1,98,3.5,0,53,良
2015-04-10 18:00:00,A,50814,191,12.7,67,5.1,0,44,优
2015-04-10 21:00:00,A,57866,141,10.7,71,2.8,0,54,良
2015-04-11 00:00:00,A,60440,20,9.6,56,2.2,0,57,良
2015-04-11 03:00:00,A,53995,0,7.6,54,0.6,0,72,良
2015-04-11 06:00:00,A,48953,69,8.1,71,1,0,67,良
2015-04-11 09:00:00,A,60554,162,14.3,86,3.6,0,53,良
2015-04-11 12:00:00,A,58906,168,16.8,128,4.6,0,45,优
2015-04-11 15:00:00,A,58641,149,17.6,68,5.8,0,56,良
2015-04-11 18:00:00,A,47336,184,15.4,71,4.1,0,64,良
2015-04-11 21:00:00,A,53261,109,12.9,107,3.9,0,90,良
2015-04-12 00:00:00,A,56216,14,12.3,113,2.1,0,89,良
2015-04-12 03:00:00,A,52947,0,12.3,112,2.1,0,84,良
2015-04-12 06:00:00,A,52384,69,12.8,141,2.2,0,67,良
2015-04-12 09:00:00,A,61350,176,16.4,129,3.6,0,72,良
2015-04-12 12:00:00,A,55093,187,19.5,160,4.9,0,65,良
2015-04-12 15:00:00,A,54361,184,19.6,64,4.9,0,73,良
2015-04-12 18:00:00,A,53400,192,16,78,3.3,0,57,良
2015-04-12 21:00:00,A,60460,112,15.1,291,4.8,0,62,良
2015-04-13 00:00:00,A,62202,17,11.7,273,3.2,0.5,74,良
2015-04-13 03:00:00,A,50856,0,10.8,269,4.5,0,68,良
2015-04-13 06:00:00,A,56913,84,9.7,281,5.1,0,58,良
2015-04-13 09:00:00,A,57430,205,12.2,296,8.5,0,93,良
2015-04-13 12:00:00,A,46050,166,13.9,290,11,0,94,良
2015-04-13 15:00:00,A,45986,160,14.4,298,9.6,0,85,良
2015-04-13 18:00:00,A,48105,206,11.9,289,6.5,0,74,良
2015-04-13 21:00:00,A,56709,134,9.4,254,4.7,0,62,良
2015-04-14 00:00:00,A,54392,14,9,266,6.7,0,72,良
2015-04-14 03:00:00,A,47788,0,6.9,267,8.5,0.9,59,良
2015-04-14 06:00:00,A,53059,81,7.6,272,7.3,0,53,良
2015-04-14 09:00:00,A,57059,202,9.1,286,9.1,0,109,轻度污染
2015-04-14 12:00:00,A,46525,183,11.9,277,11.1,0,123,轻度污染
2015-04-14 15:00:00,A,48850,159,16.1,296,6.9,0,87,良
2015-04-14 18:00:00,A,46429,203,15.8,261,4.3,0,104,轻度污染
2015-04-14 21:00:00,A,51878,137,11.3,260,0.6,0,109,轻度污染
2015-04-15 00:00:00,A,57848,6,8.7,////,0,0,118,轻度污染
2015-04-15 03:00:00,A,50566,0,9.3,225,2.8,0,112,轻度污染
2015-04-15 06:00:00,A,52859,82,11.5,210,2.3,0,94,良
2015-04-15 09:00:00,A,53317,220,17.5,232,5.5,0,90,良
2015-04-15 12:00:00,A,40785,177,21.1,184,6.1,0,83,良
2015-04-15 15:00:00,A,43497,159,22.4,187,4.4,0,82,良
2015-04-15 18:00:00,A,45123,197,20.3,164,1.2,0,99,良
2015-04-15 21:00:00,A,53799,151,18.2,173,1.6,0,104,轻度污染
2015-04-16 00:00:00,A,55629,14,18.2,222,2,0,108,轻度污染
2015-04-16 03:00:00,A,50373,0,17.4,216,3.9,0,94,良
2015-04-16 06:00:00,A,53075,90,17.6,214,3,0,90,良
2015-04-16 09:00:00,A,49717,218,19.6,241,2.5,0,105,轻度污染
2015-04-16 12:00:00,A,44726,186,24.3,282,3.2,0,127,轻度污染
2015-04-16 15:00:00,A,44018,154,17.8,348,6.4,0,119,轻度污染
2015-04-16 18:00:00,A,46043,199,15.3,17,4,0,88,良
2015-04-16 21:00:00,A,56880,135,12.9,55,3.1,0,70,良
2015-04-17 00:00:00,A,55880,16,12.1,113,2.2,0,80,良
2015-04-17 03:00:00,A,46149,0,12.7,112,2.5,0,75,良
2015-04-17 06:00:00,A,55186,82,13.2,136,4.8,0,84,良
2015-04-17 09:00:00,A,52663,224,17.1,136,7.1,0,107,轻度污染
2015-04-17 15:00:00,A,51033,154,18.8,120,5,0,97,良
2015-04-17 18:00:00,A,47539,185,16.6,132,4.6,0,96,良
2015-04-17 21:00:00,A,58300,134,15.5,132,5.3,0,75,良
2015-04-18 00:00:00,A,55243,13,16.8,143,4.6,0,75,良
2015-04-18 03:00:00,A,54281,0,17.3,123,3.2,0,74,良
2015-04-18 06:00:00,A,52362,76,17.8,142,3.4,0,75,良
2015-04-18 09:00:00,A,62332,180,22.1,212,2.1,0,72,良
2015-04-18 12:00:00,A,57392,166,24,228,5.5,0,79,良
2015-04-18 15:00:00,A,55741,144,26.3,224,4.8,0,112,轻度污染
2015-04-18 18:00:00,A,49405,183,24.2,150,3.2,0,83,良
2015-04-18 21:00:00,A,53176,119,20.8,174,2.3,0,90,良
2015-04-19 00:00:00,A,55674,11,18.7,////,0,0,94,良
2015-04-19 03:00:00,A,51287,0,19,238,1.7,0.2,100,良
2015-04-19 06:00:00,A,50599,70,18.7,288,2.9,0,145,轻度污染
2015-04-19 09:00:00,A,62717,181,19.5,321,1.6,0,212,重度污染
2015-04-19 12:00:00,A,50712,180,21.4,86,2.1,0,242,重度污染
2015-04-19 15:00:00,A,51066,150,21.7,60,2.4,0,195,中度污染
2015-04-19 18:00:00,A,52003,188,19.1,67,4.6,0,179,中度污染
2015-04-19 21:00:00,A,56670,112,15,20,4,0,40,优
2015-04-20 00:00:00,A,58164,13,12.1,320,3.4,0.6,32,优
2015-04-20 03:00:00,A,47824,0,11.9,325,6.2,0.1,33,优
2015-04-20 06:00:00,A,49013,82,12.1,359,4.1,0.1,53,良
2015-04-20 09:00:00,A,61879,200,12.3,317,3.2,0.3,54,良
2015-04-20 12:00:00,A,45963,180,13.9,304,8.1,0,73,良
2015-04-20 15:00:00,A,46799,150,16.2,348,5.6,0,89,良
2015-04-20 18:00:00,A,47349,188,14.8,340,6.4,0,79,良
2015-04-20 21:00:00,A,54810,125,13.2,345,2.7,0,76,良
2015-04-21 00:00:00,A,54042,10,12.5,334,3.4,0,67,良
2015-04-21 03:00:00,A,47347,0,9.4,////,0,0,67,良
2015-04-21 06:00:00,A,51057,84,6.9,230,1.2,0,75,良
2015-04-21 09:00:00,A,47040,219,14.5,70,3.2,0,64,良
2015-04-21 12:00:00,A,42535,167,17.8,75,4.1,0,53,良
2015-04-21 15:00:00,A,44717,160,19,57,3.1,0,52,良
2015-04-21 18:00:00,A,45300,205,17.1,65,2.8,0,57,良
2015-04-21 21:00:00,A,53728,140,13.4,120,1.1,0,73,良
2015-04-22 00:00:00,A,58027,14,10,////,0.2,0,71,良
2015-04-22 03:00:00,A,51554,0,8.5,264,0.7,0,80,良
2015-04-22 06:00:00,A,54986,84,8.4,////,0,0,82,良
2015-04-22 09:00:00,A,51234,234,18,299,3.1,0,93,良
2015-04-22 12:00:00,A,44075,174,23,287,3,0,110,轻度污染
2015-04-22 15:00:00,A,44494,146,23.4,46,2.9,0,114,轻度污染
2015-04-22 18:00:00,A,47976,190,21.7,145,3,0,142,轻度污染
2015-04-22 21:00:00,A,53010,124,18.2,163,1.5,0,132,轻度污染
2015-04-23 06:00:00,A,56164,81,13,////,0.1,0,/,/
2015-04-23 09:00:00,A,49488,224,20.2,187,3,0,84,良
2015-04-23 12:00:00,A,42603,171,24.8,134,3.6,0,107,轻度污染
2015-04-23 15:00:00,A,47279,157,25.8,157,4.2,0,85,良
2015-04-23 18:00:00,A,46467,200,23.8,147,2.3,0,58,良
2015-04-23 21:00:00,A,56481,131,18.5,112,3.1,0,67,良
2015-04-24 00:00:00,A,53712,10,16.4,144,2.2,0,52,良
2015-04-24 03:00:00,A,49252,0,14.7,101,1.3,0,48,优
2015-04-24 06:00:00,A,52767,92,14.9,93,1.2,0,49,优
2015-04-24 09:00:00,A,46942,224,19.8,176,0.6,0,65,良
2015-04-24 12:00:00,A,48920,171,21.7,75,3.7,0,80,良
2015-04-24 15:00:00,A,47555,155,22.6,67,3.8,0,103,轻度污染
2015-04-24 18:00:00,A,46488,193,21.1,64,1.3,0,78,良
2015-04-24 21:00:00,A,59041,148,17.3,////,0,0,117,轻度污染
2015-04-25 00:00:00,A,61221,12,13.5,////,0,0,139,轻度污染
2015-04-25 03:00:00,A,62103,0,11.2,////,0,0,139,轻度污染
2015-04-25 06:00:00,A,54169,69,11,////,0,0,135,轻度污染
2015-04-25 09:00:00,A,55493,174,22.6,320,0.8,0,156,中度污染
2015-04-25 12:00:00,A,52615,179,25.8,75,5.6,0,105,轻度污染
2015-04-25 15:00:00,A,54832,146,26.3,58,6.8,0,77,良
2015-04-25 18:00:00,A,46583,182,24,106,2.6,0,74,良
2015-04-25 21:00:00,A,52030,117,19.9,107,1,0,87,良
2015-04-26 00:00:00,A,55179,16,16,145,0.9,0,84,良
2015-04-26 03:00:00,A,53025,0,14.9,157,1.6,0,84,良
2015-04-26 06:00:00,A,57614,75,14.6,128,1.1,0,73,良
2015-04-26 09:00:00,A,64812,176,22.8,176,5.1,0,48,优
2015-04-26 12:00:00,A,52340,185,27.2,162,5.1,0,73,良
2015-04-26 15:00:00,A,49651,162,26.5,167,5.6,0,107,轻度污染
2015-04-26 18:00:00,A,50050,196,23.9,162,5.2,0,106,轻度污染
2015-04-26 21:00:00,A,52692,114,20.3,156,3.2,0,87,良
2015-04-27 00:00:00,A,52471,9,19.5,151,2.7,0,83,良
2015-04-27 03:00:00,A,48769,0,19.3,155,4.2,0,92,良
2015-04-27 06:00:00,A,53213,87,18.8,142,2.7,0,55,良
2015-04-27 09:00:00,A,54413,213,22.1,175,8.4,0,58,良
2015-04-27 12:00:00,A,51762,187,25.1,133,5.1,0,57,良
2015-04-27 15:00:00,A,52744,155,25.8,186,6.7,0,57,良
2015-04-27 18:00:00,A,48039,208,23.4,183,5.3,0,68,良
2015-04-27 21:00:00,A,52021,136,20.8,144,4,0,57,良
2015-04-28 00:00:00,A,51452,12,19.8,164,2.7,0,78,良
2015-04-28 03:00:00,A,44073,0,19.7,172,2.2,0,79,良
2015-04-28 06:00:00,A,56052,85,20.3,209,2.7,0,95,良
2015-04-28 09:00:00,A,49520,228,25,248,3.1,0,123,轻度污染
2015-04-28 12:00:00,A,48187,159,29,261,6.8,0,115,轻度污染
2015-04-28 15:00:00,A,51798,157,30.2,264,5.1,0,125,轻度污染
2015-04-28 18:00:00,A,47193,205,22.4,83,3.8,0,135,轻度污染
2015-04-28 21:00:00,A,59556,134,19.1,56,4.9,0,89,良
2015-04-29 00:00:00,A,62672,17,17.4,318,8.1,5.1,40,优
2015-04-29 03:00:00,A,47562,0,17.3,285,4.2,0,40,优
2015-04-29 06:00:00,A,58991,83,16.5,////,0,0,77,良
2015-04-29 09:00:00,A,70475,211,17,308,3.2,0,87,良
2015-04-29 12:00:00,A,49097,187,16.8,305,6.2,0,59,良
2015-04-29 15:00:00,A,49736,154,18.2,310,6.6,0,50,优
2015-04-29 18:00:00,A,45188,215,18.7,313,5.5,0,48,优
2015-04-29 21:00:00,A,55360,144,17.4,267,2.1,0,72,良
2015-04-30 00:00:00,A,55527,9,15.6,264,2.3,0,77,良
2015-04-30 03:00:00,A,55452,0,14.7,272,0.8,0,92,良
2015-04-30 06:00:00,A,64570,85,15.6,287,2.8,0,150,轻度污染
2015-04-30 09:00:00,A,62742,229,20.5,299,4.5,0,/,/
2015-04-30 12:00:00,A,56155,157,23.9,286,5,0,84,良
2015-04-30 15:00:00,A,65307,151,24.8,56,3.3,0,90,良
2015-04-30 18:00:00,A,51638,187,19.9,80,2.6,0,134,轻度污染
2015-04-30 21:00:00,A,57632,123,16.2,89,5.8,0,78,良
2015-04-01 00:00:00,E,33942,0,20,170,0.4,0,99,良
2015-04-01 03:00:00,E,30128,0,19.1,100,0.4,0,100,良
2015-04-01 06:00:00,E,39100,98,18.5,////,0.2,0,102,轻度污染
2015-04-01 09:00:00,E,98565,246,23.5,68,2.2,0,143,轻度污染
2015-04-01 12:00:00,E,123762,194,26.4,346,2.2,0,64,良
2015-04-01 15:00:00,E,136181,164,25.1,34,1.7,0,55,良
2015-04-01 18:00:00,E,111047,254,19.8,21,1.8,0,82,良
2015-04-01 21:00:00,E,96733,149,17.3,82,1.5,0,69,良
2015-04-02 00:00:00,E,74901,28,17.2,42,0.8,0,57,良
2015-04-02 03:00:00,E,33320,0,17.9,75,0.3,0,54,良
2015-04-02 06:00:00,E,42092,98,18.5,81,1.5,0,35,优
2015-04-02 09:00:00,E,100319,245,22.7,67,1,0,57,良
2015-04-02 12:00:00,E,114063,46,27.2,93,3.2,0,86,良
2015-04-02 15:00:00,E,134347,94,28.7,109,1.8,0,93,良
2015-04-02 18:00:00,E,112012,194,23,255,0.6,9.7,85,良
2015-04-02 21:00:00,E,80972,127,20.4,323,2.7,2,50,优
2015-04-03 00:00:00,E,61018,20,18,275,0.7,0,59,良
2015-04-03 03:00:00,E,28817,0,15.6,////,0.1,1.9,102,轻度污染
2015-04-03 06:00:00,E,38865,90,14.1,161,1,0,97,良
2015-04-03 09:00:00,E,106633,267,14.1,108,1,0,113,轻度污染
2015-04-03 12:00:00,E,132833,199,14,48,1.3,0,132,轻度污染
2015-04-03 15:00:00,E,127205,166,13.7,21,0.5,0,118,轻度污染
2015-04-03 18:00:00,E,113308,205,13.3,23,0.5,0,75,良
2015-04-03 21:00:00,E,96227,161,12.7,71,1,0,67,良
2015-04-04 00:00:00,E,69834,14,12.7,37,0.7,0,59,良
2015-04-04 03:00:00,E,38307,0,12.8,72,0.4,0.1,49,优
2015-04-04 06:00:00,E,33729,82,13.1,133,0.4,0,57,良
2015-04-04 09:00:00,E,91983,199,13.7,85,1.6,0,59,良
2015-04-04 12:00:00,E,86667,159,16.8,281,0.4,0,62,良
2015-04-04 15:00:00,E,100479,153,17.7,299,0.6,0,97,良
2015-04-04 18:00:00,E,97489,167,17.5,62,0.4,0,114,轻度污染
2015-04-04 21:00:00,E,88464,131,17,184,0.6,0,173,中度污染
2015-04-05 00:00:00,E,62835,11,15.8,333,0.4,0,168,中度污染
2015-04-05 03:00:00,E,29812,0,15,99,0.6,0,166,中度污染
2015-04-05 06:00:00,E,31758,82,14.6,97,1.3,1.6,93,良
2015-04-05 09:00:00,E,75094,210,13.7,124,0.3,1.2,75,良
2015-04-05 12:00:00,E,90341,157,14.5,52,0.7,0,74,良
2015-04-05 15:00:00,E,97944,145,13.9,50,1.4,0,64,良
2015-04-05 18:00:00,E,92512,179,13.6,276,0.5,0,64,良
2015-04-05 21:00:00,E,83920,142,11.8,216,0.9,0.1,30,优
2015-04-06 00:00:00,E,52957,26,11.4,60,1,3.1,24,优
2015-04-06 03:00:00,E,24664,0,11.6,33,0.8,1.2,26,优
2015-04-06 06:00:00,E,31278,88,11.4,88,1.3,2.6,29,优
2015-04-06 09:00:00,E,83886,199,11.1,269,1.6,1.1,34,优
2015-04-06 12:00:00,E,100320,163,11.3,195,0.7,0,33,优
2015-04-06 15:00:00,E,103311,162,12.4,159,0.7,0,27,优
2015-04-06 18:00:00,E,89640,169,10.6,270,1.2,1.8,38,优
2015-04-06 21:00:00,E,79335,140,10.2,29,0.9,0.1,54,良
2015-04-07 00:00:00,E,55396,16,8.9,80,1.3,1.2,59,良
2015-04-07 03:00:00,E,28045,0,7.9,136,0.9,0.8,45,优
2015-04-07 06:00:00,E,40015,100,8.1,128,1.1,0,41,优
2015-04-07 09:00:00,E,105270,237,8.4,54,1.5,0,51,良
2015-04-07 12:00:00,E,128940,176,8.6,131,2.1,0.2,52,良
2015-04-07 15:00:00,E,136165,173,7.6,143,1.7,1.7,44,优
2015-04-07 18:00:00,E,120861,181,6.9,179,0.6,1.3,38,优
2015-04-07 21:00:00,E,89500,132,5.7,298,1.6,0.1,30,优
2015-04-08 00:00:00,E,63855,25,5.6,329,0.6,0,38,优
2015-04-08 03:00:00,E,28883,0,5.2,311,1.2,0,53,良
2015-04-08 06:00:00,E,38229,90,6.9,43,0.9,0,39,优
2015-04-08 09:00:00,E,107556,241,9.1,108,1.1,0,48,优
2015-04-08 12:00:00,E,127688,160,11.1,60,2.1,0,51,良
2015-04-08 15:00:00,E,135499,158,12.1,95,1.5,0,46,优
2015-04-08 18:00:00,E,122288,173,10.9,50,0.6,0,43,优
2015-04-08 21:00:00,E,98309,138,9.1,46,1.8,0,43,优
2015-04-09 00:00:00,E,72906,21,7.6,112,0.7,0,33,优
2015-04-09 03:00:00,E,30735,0,7.3,74,0.7,0,38,优
2015-04-09 06:00:00,E,41997,93,6.8,45,0.6,0,38,优
2015-04-09 09:00:00,E,103535,238,11.2,334,0.7,0,42,优
2015-04-09 12:00:00,E,127467,189,14.8,2,1.7,0,39,优
2015-04-09 15:00:00,E,141306,142,14.7,59,2.5,0,44,优
2015-04-09 18:00:00,E,123600,190,12.7,54,1,0,49,优
2015-04-09 21:00:00,E,97653,155,11.9,140,0.8,0,53,良
2015-04-10 00:00:00,E,72830,28,11.6,10,1.1,0,53,良
2015-04-10 03:00:00,E,30350,0,10.2,////,0,0,57,良
2015-04-10 06:00:00,E,41013,99,10.2,////,0,0,67,良
2015-04-10 09:00:00,E,107377,256,14.2,108,1.8,0,70,良
2015-04-10 12:00:00,E,129056,165,16.6,121,1.8,0,72,良
2015-04-10 15:00:00,E,132788,162,17,229,1.9,0,74,良
2015-04-10 18:00:00,E,119446,196,14.4,98,2.1,0,60,良
2015-04-10 21:00:00,E,98564,151,12,51,1.1,0,58,良
2015-04-11 00:00:00,E,75499,25,10.4,////,0.1,0,59,良
2015-04-11 03:00:00,E,39902,0,9.7,////,0.1,0,60,良
2015-04-11 06:00:00,E,38898,91,9.3,////,0,0,65,良
2015-04-11 09:00:00,E,100989,214,14.2,35,2.1,0,48,优
2015-04-11 12:00:00,E,113210,179,18.5,33,1.3,0,52,良
2015-04-11 15:00:00,E,129254,162,19.2,89,1.6,0,63,良
2015-04-11 18:00:00,E,119827,202,16.4,326,0.5,0,64,良
2015-04-11 21:00:00,E,105329,134,13.8,25,1,0,90,良
2015-04-12 00:00:00,E,82372,17,12.5,18,0.6,0,83,良
2015-04-12 03:00:00,E,40057,0,12.3,359,0.7,0,78,良
2015-04-12 06:00:00,E,38140,99,12.4,////,0.2,0,65,良
2015-04-12 09:00:00,E,96618,228,15,101,0.9,0,69,良
2015-04-12 12:00:00,E,100502,167,19.7,294,1.2,0,77,良
2015-04-12 15:00:00,E,107550,154,20.4,214,1.1,0,65,良
2015-04-12 18:00:00,E,105991,185,18.6,64,0.6,0,75,良
2015-04-12 21:00:00,E,90541,132,15.8,145,0.4,0,69,良
2015-04-13 00:00:00,E,67314,30,12.6,326,0.9,0,75,良
2015-04-13 03:00:00,E,27950,0,11.8,207,0.9,0,64,良
2015-04-13 06:00:00,E,45229,91,10.6,234,0.4,0,50,优
2015-04-13 09:00:00,E,97691,248,12.9,325,1.5,0,88,良
2015-04-13 12:00:00,E,122581,171,15.8,35,2.7,0,91,良
2015-04-13 15:00:00,E,140676,154,14.9,351,1,0,81,良
2015-04-13 18:00:00,E,105986,184,13.1,263,1,0,76,良
2015-04-13 21:00:00,E,96854,145,10.3,272,1,0,68,良
2015-04-14 00:00:00,E,70092,33,9.4,280,1.7,0.1,70,良
2015-04-14 03:00:00,E,27544,0,8,35,0.6,0,65,良
2015-04-14 06:00:00,E,39174,70,7.6,289,0.5,0.1,57,良
2015-04-14 09:00:00,E,102342,255,9.2,244,0.9,0,100,良
2015-04-14 12:00:00,E,131222,189,12.5,210,1.3,0,119,轻度污染
2015-04-14 15:00:00,E,147262,164,16.8,247,0.8,0,88,良
2015-04-14 18:00:00,E,132321,186,15.3,244,0.5,0,97,良
2015-04-14 21:00:00,E,97116,150,12.5,////,0,0,103,轻度污染
2015-04-15 00:00:00,E,71232,25,11.3,////,0,0,110,轻度污染
2015-04-15 03:00:00,E,28589,0,10.8,////,0.1,0,117,轻度污染
2015-04-15 06:00:00,E,41831,88,10.9,329,0.3,0,102,轻度污染
2015-04-15 09:00:00,E,103202,231,17.5,227,1.7,0,108,轻度污染
2015-04-15 12:00:00,E,127170,189,20.8,286,1.5,0,73,良
2015-04-15 15:00:00,E,142316,169,22.2,307,0.4,0,/,/
2015-04-15 18:00:00,E,125706,192,19.8,119,0.8,0,/,/
2015-04-15 21:00:00,E,98572,133,17.1,137,0.4,0,/,/
2015-04-16 00:00:00,E,77985,26,16.2,119,0.7,0,/,/
2015-04-16 03:00:00,E,33567,0,16.7,163,0.8,0,/,/
2015-04-16 06:00:00,E,40879,97,17,34,0.3,0,/,/
2015-04-16 09:00:00,E,109969,249,18.3,66,0.3,0,/,/
2015-04-16 12:00:00,E,122801,184,24.2,164,1.4,0,123,轻度污染
2015-04-16 15:00:00,E,141378,158,20.2,288,3.1,0,118,轻度污染
2015-04-16 18:00:00,E,115979,181,16.8,103,1.7,0,99,良
2015-04-16 21:00:00,E,96439,142,14.8,50,1.2,0,72,良
2015-04-17 00:00:00,E,72785,29,13.2,106,0.5,0,79,良
2015-04-17 03:00:00,E,32436,0,13.1,49,1,0,81,良
2015-04-17 06:00:00,E,45404,88,13.1,93,0.5,0,82,良
2015-04-17 09:00:00,E,106050,243,16.9,209,0.6,0,100,良
2015-04-17 12:00:00,E,126801,183,19.8,311,3.6,0,108,轻度污染
2015-04-17 15:00:00,E,138805,165,19.6,81,1,0,107,轻度污染
2015-04-17 18:00:00,E,113179,202,17,49,0.9,0,100,良
2015-04-17 21:00:00,E,91140,146,15.6,1,1.5,0,83,良
2015-04-18 00:00:00,E,79041,26,16.7,75,1.5,0,82,良
2015-04-18 03:00:00,E,43818,0,17.2,105,1,0,81,良
2015-04-18 06:00:00,E,41417,100,17.6,102,0.7,0,74,良
2015-04-18 09:00:00,E,105199,220,20.6,80,1.9,0,78,良
2015-04-18 12:00:00,E,116758,180,23.2,350,1.3,0,70,良
2015-04-18 15:00:00,E,125736,159,24.1,156,0.4,0,125,轻度污染
2015-04-18 18:00:00,E,116460,204,22.6,61,1.2,0,82,良
2015-04-18 21:00:00,E,98776,142,19.7,////,0.1,0,92,良
2015-04-19 00:00:00,E,77776,28,18.5,57,0.8,0,109,轻度污染
2015-04-19 03:00:00,E,37436,0,18.5,246,0.5,0,104,轻度污染
2015-04-19 06:00:00,E,37247,101,18.2,////,0,0.1,153,中度污染
2015-04-19 09:00:00,E,101001,241,19.1,////,0.2,0,199,中度污染
2015-04-19 12:00:00,E,105930,181,22.5,262,0.3,0,293,重度污染
2015-04-19 15:00:00,E,115717,164,22.8,284,0.3,0,257,重度污染
2015-04-19 18:00:00,E,107573,178,20.9,103,1.7,0,218,重度污染
2015-04-19 21:00:00,E,88512,113,18.4,336,0.8,0,64,良
2015-04-20 00:00:00,E,65955,26,12.7,290,2,0.1,29,优
2015-04-20 03:00:00,E,26768,0,12,280,1.5,0.2,30,优
2015-04-20 06:00:00,E,38003,102,12.2,300,3.2,0.1,52,良
2015-04-20 09:00:00,E,84373,229,12.3,62,1.2,0.6,52,良
2015-04-20 12:00:00,E,114600,188,13.8,17,0.9,0,73,良
2015-04-20 15:00:00,E,133414,142,15.2,126,0.8,0,94,良
2015-04-20 18:00:00,E,114365,195,15.1,110,1.4,0,83,良
2015-04-20 21:00:00,E,93908,148,13.5,260,3.9,0,75,良
2015-04-21 00:00:00,E,70743,20,12.6,331,1.8,0,61,良
2015-04-21 03:00:00,E,29483,0,11.5,170,0.7,0,67,良
2015-04-21 06:00:00,E,45105,103,10.1,269,0.6,0,70,良
2015-04-21 09:00:00,E,105695,255,14.9,359,3,0,69,良
2015-04-21 12:00:00,E,124862,183,19.5,112,2.3,0,58,良
2015-04-21 15:00:00,E,136262,157,20.1,5,0.4,0,48,优
2015-04-21 18:00:00,E,117821,185,18.2,3,0.3,0,55,良
2015-04-21 21:00:00,E,103597,162,15.1,67,2.4,0,65,良
2015-04-22 00:00:00,E,72328,28,13.4,////,0.1,0,70,良
2015-04-22 03:00:00,E,30667,0,11.9,////,0.2,0,78,良
2015-04-22 06:00:00,E,42997,96,11.5,////,0,0,85,良
2015-04-22 09:00:00,E,98685,255,17.4,35,0.6,0,99,良
2015-04-22 12:00:00,E,128779,164,23,95,1.3,0,118,轻度污染
2015-04-22 15:00:00,E,141219,144,24.4,298,0.5,0,116,轻度污染
2015-04-22 18:00:00,E,127253,177,20,////,0.2,0,144,轻度污染
2015-04-22 21:00:00,E,100828,138,17.4,20,1.1,0,130,轻度污染
2015-04-23 06:00:00,E,43879,97,14.7,109,0.4,0,98,良
2015-04-23 09:00:00,E,101854,241,18.3,55,1.1,0,103,轻度污染
2015-04-23 12:00:00,E,123574,168,24.6,66,4.3,0,103,轻度污染
2015-04-23 15:00:00,E,142235,146,25.3,112,1.3,0,72,良
2015-04-23 18:00:00,E,118566,185,22.3,57,1.3,0,64,良
2015-04-23 21:00:00,E,95697,142,19.1,////,0.2,0,68,良
2015-04-24 00:00:00,E,73943,24,17.7,64,0.9,0,54,良
2015-04-24 03:00:00,E,33011,0,16.4,34,0.3,0,49,优
2015-04-24 06:00:00,E,45678,93,16.4,77,1.1,0,53,良
2015-04-24 09:00:00,E,105989,244,18.7,77,0.9,0,70,良
2015-04-24 12:00:00,E,127030,182,20.9,77,1.6,0,103,轻度污染
2015-04-24 15:00:00,E,137813,164,21.8,58,0.4,0,114,轻度污染
2015-04-24 18:00:00,E,113857,181,20.8,62,0.3,0,99,良
2015-04-24 21:00:00,E,100143,133,18.2,251,0.6,0,122,轻度污染
2015-04-25 00:00:00,E,74616,23,15.9,////,0,0,129,轻度污染
2015-04-25 03:00:00,E,42737,0,14.8,////,0,0,117,轻度污染
2015-04-25 06:00:00,E,42952,91,14.1,////,0,0,119,轻度污染
2015-04-25 09:00:00,E,104302,230,21.2,54,0.4,0,132,轻度污染
2015-04-25 12:00:00,E,107158,165,27,64,0.8,0,78,良
2015-04-25 15:00:00,E,123111,150,27.6,320,1.2,0,119,轻度污染
2015-04-25 18:00:00,E,113640,157,24.3,345,1.4,0,55,良
2015-04-25 21:00:00,E,97439,133,20.5,110,0.5,0,85,良
2015-04-26 00:00:00,E,80635,32,18.1,1,0.4,0,104,轻度污染
2015-04-26 03:00:00,E,37334,0,17.1,////,0,0,68,良
2015-04-26 06:00:00,E,41794,91,16.8,131,0.9,0,72,良
2015-04-26 09:00:00,E,94989,234,21.7,120,2.2,0,57,良
2015-04-26 12:00:00,E,98277,166,26.9,64,1.7,0,73,良
2015-04-26 15:00:00,E,111207,152,26.4,272,2.5,0,102,轻度污染
2015-04-26 18:00:00,E,98499,183,22.9,9,1.9,0,114,轻度污染
2015-04-26 21:00:00,E,85460,131,19.4,17,0.8,0,77,良
2015-04-27 00:00:00,E,70162,17,18.2,43,0.6,0,66,良
2015-04-27 03:00:00,E,29227,0,18.3,35,0.5,0,71,良
2015-04-27 06:00:00,E,41737,91,18,78,2.2,0,/,/
2015-04-27 09:00:00,E,99117,240,22,279,3.6,0,/,/
2015-04-27 12:00:00,E,118426,186,24.6,80,1.9,0,/,/
2015-04-27 15:00:00,E,143317,155,24.9,103,1.5,0,/,/
2015-04-27 18:00:00,E,104440,199,22.5,78,0.8,0,64,良
2015-04-27 21:00:00,E,95257,147,20.1,161,2.1,0,58,良
2015-04-28 00:00:00,E,70562,25,18.9,60,1.6,0,72,良
2015-04-28 03:00:00,E,29552,0,18.8,92,0.8,0,80,良
2015-04-28 06:00:00,E,42624,104,18.7,////,0.2,0,103,轻度污染
2015-04-28 09:00:00,E,99344,247,24.5,317,0.7,0,122,轻度污染
2015-04-28 12:00:00,E,120439,177,29.2,277,1,0,129,轻度污染
2015-04-28 15:00:00,E,136327,151,30,333,2.5,0,99,良
2015-04-28 18:00:00,E,106713,186,26.4,91,2.1,0,104,轻度污染
2015-04-28 21:00:00,E,91151,130,21.5,41,1.9,0,123,轻度污染
2015-04-29 00:00:00,E,61284,26,17.4,115,1.9,6.1,54,良
2015-04-29 03:00:00,E,28530,0,17.1,244,0.6,0,45,优
2015-04-29 06:00:00,E,41897,98,17.7,218,0.4,0,95,良
2015-04-29 09:00:00,E,94060,238,18.8,4,1.9,0,77,良
2015-04-29 12:00:00,E,118460,203,17.3,219,2,0,82,良
2015-04-29 15:00:00,E,127191,178,18.8,280,1,0,49,优
2015-04-29 18:00:00,E,98887,179,19.1,295,0.4,0,55,良
2015-04-29 21:00:00,E,95905,134,18.1,////,0.2,0,73,良
2015-04-30 00:00:00,E,70811,26,16.6,39,0.6,0,85,良
2015-04-30 03:00:00,E,34021,0,15.9,267,0.3,0,105,轻度污染
2015-04-30 06:00:00,E,44620,92,16,322,0.3,0,123,轻度污染
2015-04-30 09:00:00,E,108114,255,20.7,329,1.5,0,128,轻度污染
2015-04-30 12:00:00,E,117002,188,24.3,43,0.8,0,60,良
2015-04-30 15:00:00,E,119459,158,25.9,331,2.3,0,85,良
2015-04-30 18:00:00,E,95850,189,22.1,111,1.4,0,125,轻度污染
2015-04-30 21:00:00,E,78931,139,18.4,16,0.4,0,117,轻度污染
2015-04-01 00:00:00,F,12788,0,20.8,64,0.3,0,107,轻度污染
2015-04-01 03:00:00,F,16739,0,17.7,75,2.2,0,103,轻度污染
2015-04-01 06:00:00,F,21181,54,17.7,77,0.9,0,102,轻度污染
2015-04-01 09:00:00,F,30800,182,24.1,94,5.1,0,142,轻度污染
2015-04-01 12:00:00,F,33548,143,27.9,114,3.3,0,55,良
2015-04-01 15:00:00,F,40563,169,26.9,75,6.4,0,54,良
2015-04-01 18:00:00,F,41139,180,19.4,77,4.3,0,69,良
2015-04-01 21:00:00,F,48007,99,17,85,3.8,0,60,良
2015-04-02 00:00:00,F,29883,6,16.9,100,2.7,0,48,优
2015-04-02 03:00:00,F,14843,0,18,121,3.2,0,53,良
2015-04-02 06:00:00,F,20904,50,18,124,2.8,0,33,优
2015-04-02 09:00:00,F,35300,172,23.8,178,3.8,0,58,良
2015-04-02 12:00:00,F,36475,32,27.7,155,6.4,0,74,良
2015-04-02 15:00:00,F,44374,89,30,175,2.7,0,81,良
2015-04-02 18:00:00,F,43004,197,23.9,356,3.9,2.3,121,轻度污染
2015-04-02 21:00:00,F,48692,86,20.5,347,0.8,2.7,48,优
2015-04-03 00:00:00,F,30635,2,18.5,334,2.3,0,50,优
2015-04-03 03:00:00,F,14467,0,15.7,////,0.2,1.1,92,良
2015-04-03 06:00:00,F,21503,58,14.6,353,2.8,0,94,良
2015-04-03 09:00:00,F,38955,175,14.6,17,2.6,0,112,轻度污染
2015-04-03 12:00:00,F,41945,148,15.1,25,1.8,0,124,轻度污染
2015-04-03 15:00:00,F,43481,146,14,77,3.3,0,120,轻度污染
2015-04-03 18:00:00,F,42427,180,13,86,2,0,87,良
2015-04-03 21:00:00,F,43552,95,12.4,85,2.6,0,64,良
2015-04-04 00:00:00,F,34054,3,12.4,101,5,0,54,良
2015-04-04 03:00:00,F,17194,0,12.7,81,3.2,0,48,优
2015-04-04 06:00:00,F,26171,46,13,91,3.1,0,67,良
2015-04-04 09:00:00,F,51688,139,13.7,103,5.2,0,66,良
2015-04-04 12:00:00,F,41518,148,16.9,193,4.5,0,58,良
2015-04-04 15:00:00,F,46804,162,17.8,285,3.3,0,93,良
2015-04-04 18:00:00,F,39949,192,17.8,317,2.7,0,112,轻度污染
2015-04-04 21:00:00,F,38258,91,16.6,58,1.7,0,153,中度污染
2015-04-05 00:00:00,F,22232,5,15.9,275,0.9,0,170,中度污染
2015-04-05 03:00:00,F,12965,0,15.1,83,3,0,160,中度污染
2015-04-05 06:00:00,F,20904,52,14.6,33,2,0.5,85,良
2015-04-05 09:00:00,F,38075,242,13.7,74,2.9,0.8,60,良
2015-04-05 12:00:00,F,34412,149,14.7,72,2.8,0,62,良
2015-04-05 15:00:00,F,37863,154,14.2,64,5.1,0,87,良
2015-04-05 18:00:00,F,34986,183,13.5,38,1.7,0,60,良
2015-04-05 21:00:00,F,35813,103,12,45,1.1,0,30,优
2015-04-06 00:00:00,F,24276,4,11.5,336,3.5,4.2,24,优
2015-04-06 03:00:00,F,12607,0,11.5,2,1.4,1.8,26,优
2015-04-06 06:00:00,F,17451,55,11.4,2,2.1,2.1,25,优
2015-04-06 09:00:00,F,41697,154,11.6,16,2.7,1.1,29,优
2015-04-06 12:00:00,F,36755,146,11.4,37,5.5,0,40,优
2015-04-06 15:00:00,F,39539,153,12.3,28,4.7,0,26,优
2015-04-06 18:00:00,F,38816,172,10.7,344,3,1.9,39,优
2015-04-06 21:00:00,F,39554,96,10.1,30,3.7,0.1,46,优
2015-04-07 00:00:00,F,27414,3,8.8,42,4.1,1.4,48,优
2015-04-07 03:00:00,F,14159,0,8,353,4.3,0.2,43,优
2015-04-07 06:00:00,F,16354,51,8.1,14,3.8,0,33,优
2015-04-07 09:00:00,F,35298,186,8.5,13,4.5,0,46,优
2015-04-07 12:00:00,F,41855,142,8.4,19,3.5,0.2,47,优
2015-04-07 15:00:00,F,45017,152,7.5,54,2.6,1.7,46,优
2015-04-07 18:00:00,F,40750,175,6.8,359,5.8,1.3,30,优
2015-04-07 21:00:00,F,42370,113,5.6,335,1.2,0.1,27,优
2015-04-08 00:00:00,F,27173,9,5.2,9,2.4,0,35,优
2015-04-08 03:00:00,F,13157,0,4.8,316,1.9,0,63,良
2015-04-08 06:00:00,F,17659,59,6.1,308,0.8,0,45,优
2015-04-08 09:00:00,F,35077,177,9,76,2.2,0,35,优
2015-04-08 12:00:00,F,41942,160,11.4,14,3,0,46,优
2015-04-08 15:00:00,F,42555,151,12.9,1,2.6,0,39,优
2015-04-08 18:00:00,F,41930,189,11.1,39,2.1,0,48,优
2015-04-08 21:00:00,F,44714,108,8.3,85,2.9,0,56,良
2015-04-09 00:00:00,F,31497,3,6.3,70,1.7,0,36,优
2015-04-09 03:00:00,F,18129,0,5.7,67,1.8,0,31,优
2015-04-09 06:00:00,F,21383,53,4.5,51,0.9,0,35,优
2015-04-09 09:00:00,F,34121,187,11.2,97,3.6,0,33,优
2015-04-09 12:00:00,F,39950,146,14.3,190,3.2,0,34,优
2015-04-09 15:00:00,F,44483,160,14.5,146,2,0,42,优
2015-04-09 18:00:00,F,44200,204,12.1,166,2.2,0,59,良
2015-04-09 21:00:00,F,44423,102,11.7,144,1.3,0,61,良
2015-04-10 00:00:00,F,28220,7,10.9,76,1.1,0,62,良
2015-04-10 03:00:00,F,12496,0,8.9,////,0,0,59,良
2015-04-10 06:00:00,F,19517,55,8.9,14,0.5,0,77,良
2015-04-10 09:00:00,F,39678,186,13.7,296,2.5,0,72,良
2015-04-10 12:00:00,F,37945,145,17.2,326,3.3,0,74,良
2015-04-10 15:00:00,F,38522,165,18.1,15,1.6,0,75,良
2015-04-10 18:00:00,F,40654,203,14.1,84,3.4,0,73,良
2015-04-10 21:00:00,F,45573,99,11.3,71,2.2,0,49,优
2015-04-11 00:00:00,F,35423,5,9.1,84,1.4,0,56,良
2015-04-11 03:00:00,F,16620,0,7.3,69,0.9,0,63,良
2015-04-11 06:00:00,F,22939,55,6.5,184,0.3,0,65,良
2015-04-11 09:00:00,F,49969,171,15.2,107,3.3,0,46,优
2015-04-11 12:00:00,F,42149,150,18.7,144,2.4,0,36,优
2015-04-11 15:00:00,F,46852,169,19.4,58,5.1,0,62,良
2015-04-11 18:00:00,F,39969,195,16.6,103,1.8,0,72,良
2015-04-11 21:00:00,F,44163,108,13.3,80,2.2,0,100,良
2015-04-12 00:00:00,F,30451,2,11.9,85,4,0,93,良
2015-04-12 03:00:00,F,15811,0,11.6,71,2.3,0,90,良
2015-04-12 06:00:00,F,23718,54,12.4,112,1.8,0,87,良
2015-04-12 09:00:00,F,47255,183,15.7,104,3.4,0,78,良
2015-04-12 12:00:00,F,39671,144,19.1,119,2.3,0,67,良
2015-04-12 15:00:00,F,40900,152,20.6,200,4.1,0,60,良
2015-04-12 18:00:00,F,43116,185,17.8,144,3.9,0,69,良
2015-04-12 21:00:00,F,43776,98,15.7,261,4.6,0,85,良
2015-04-13 00:00:00,F,31089,8,12.5,282,1.6,0,78,良
2015-04-13 03:00:00,F,15387,0,11.5,293,3.7,0,62,良
2015-04-13 06:00:00,F,18576,48,10.6,295,3.8,0,54,良
2015-04-13 09:00:00,F,34796,163,13.4,297,5.6,0,85,良
2015-04-13 12:00:00,F,42251,147,14.3,297,5.7,0,80,良
2015-04-13 15:00:00,F,44305,161,14.5,293,5.3,0,77,良
2015-04-13 18:00:00,F,40823,194,12.7,288,3.9,0,77,良
2015-04-13 21:00:00,F,45416,99,10.2,287,3.7,0,69,良
2015-04-14 00:00:00,F,25613,8,9.2,282,4.7,0,67,良
2015-04-14 03:00:00,F,14258,0,8.1,289,5.8,0,58,良
2015-04-14 06:00:00,F,17648,47,7.8,277,4.3,0.1,49,优
2015-04-14 09:00:00,F,35905,185,9.5,267,6,0,97,良
2015-04-14 12:00:00,F,40122,136,12,289,5.6,0,110,轻度污染
2015-04-14 15:00:00,F,43741,154,16.6,295,5.1,0,80,良
2015-04-14 18:00:00,F,41838,183,15.8,267,3.8,0,90,良
2015-04-14 21:00:00,F,45257,103,10,209,1.1,0,107,轻度污染
2015-04-15 00:00:00,F,31242,0,7.8,243,0.5,0,108,轻度污染
2015-04-15 03:00:00,F,13523,0,7,////,0,0,135,轻度污染
2015-04-15 06:00:00,F,19990,47,7.2,241,0.5,0,118,轻度污染
2015-04-15 09:00:00,F,32597,174,18,201,3.8,0,114,轻度污染
2015-04-15 12:00:00,F,39540,145,20.9,181,3.2,0,69,良
2015-04-15 15:00:00,F,44884,166,22.5,197,3.6,0,80,良
2015-04-15 18:00:00,F,39614,205,19.8,127,2.8,0,95,良
2015-04-15 21:00:00,F,44964,112,17.1,189,0.8,0,113,轻度污染
2015-04-16 00:00:00,F,31244,5,15.5,252,0.8,0,104,轻度污染
2015-04-16 03:00:00,F,17100,0,16.1,233,2,0,112,轻度污染
2015-04-16 06:00:00,F,17891,57,16.7,179,2.8,0,105,轻度污染
2015-04-16 09:00:00,F,35393,187,19.5,297,0.8,0,102,轻度污染
2015-04-16 12:00:00,F,38078,149,24.7,301,3,0,112,轻度污染
2015-04-16 15:00:00,F,44366,169,22.3,351,8.6,0,119,轻度污染
2015-04-16 18:00:00,F,40874,197,17.2,13,3.9,0,87,良
2015-04-16 21:00:00,F,43792,96,14.6,65,2.9,0,74,良
2015-04-17 00:00:00,F,33168,8,12.8,88,1.9,0,87,良
2015-04-17 03:00:00,F,16822,0,12.5,71,2.7,0,80,良
2015-04-17 06:00:00,F,23301,60,12.9,121,2,0,85,良
2015-04-17 09:00:00,F,39755,181,16.9,126,4,0,79,良
2015-04-17 15:00:00,F,39792,152,19.6,100,5.1,0,120,轻度污染
2015-04-17 18:00:00,F,39239,181,16.5,86,5.7,0,113,轻度污染
2015-04-17 21:00:00,F,45100,114,15.4,131,3,0,98,良
2015-04-18 00:00:00,F,35100,2,16.4,112,2.7,0,87,良
2015-04-18 03:00:00,F,20339,0,16.8,116,3.3,0,89,良
2015-04-18 06:00:00,F,23222,56,17.2,131,2.7,0,78,良
2015-04-18 09:00:00,F,46206,172,22.3,186,3.6,0,74,良
2015-04-18 12:00:00,F,40807,153,24.1,222,3.6,0,73,良
2015-04-18 15:00:00,F,46561,181,25.3,202,3.5,0,118,轻度污染
2015-04-18 18:00:00,F,38430,191,22,123,3.1,0,82,良
2015-04-18 21:00:00,F,40373,91,18.8,135,1.1,0,92,良
2015-04-19 00:00:00,F,28902,6,18.1,142,1.6,0,102,轻度污染
2015-04-19 03:00:00,F,13886,0,18.2,266,1.8,0.1,102,轻度污染
2015-04-19 06:00:00,F,19393,74,18.3,276,1.2,0,144,轻度污染
2015-04-19 09:00:00,F,42785,177,19.5,41,1,0,193,中度污染
2015-04-19 12:00:00,F,38876,157,23.2,275,1.7,0,240,重度污染
2015-04-19 15:00:00,F,42234,159,24.6,56,1.9,0,222,重度污染
2015-04-19 18:00:00,F,37594,186,21,81,1.3,0,211,重度污染
2015-04-19 21:00:00,F,41422,80,18.2,61,1.4,0,65,良
2015-04-20 00:00:00,F,24559,9,12.8,347,6,0.2,35,优
2015-04-20 03:00:00,F,14667,0,12.1,313,3.4,0.5,32,优
2015-04-20 06:00:00,F,17934,55,12,20,5.6,0.1,57,良
2015-04-20 09:00:00,F,31614,167,12.2,322,2.9,0.8,57,良
2015-04-20 12:00:00,F,40102,149,13.8,339,3.9,0,77,良
2015-04-20 15:00:00,F,42984,165,15.2,294,3.4,0,97,良
2015-04-20 18:00:00,F,42787,200,15.3,12,7.2,0,77,良
2015-04-20 21:00:00,F,43407,99,13.4,19,5.5,0,87,良
2015-04-21 00:00:00,F,31752,4,11.6,319,1.3,0,58,良
2015-04-21 03:00:00,F,15219,0,10.1,341,1.1,0,68,良
2015-04-21 06:00:00,F,21353,66,7.1,281,0.5,0,74,良
2015-04-21 09:00:00,F,34584,176,15.7,63,1.5,0,73,良
2015-04-21 12:00:00,F,38953,169,19.6,109,2.3,0,63,良
2015-04-21 15:00:00,F,43060,143,20.6,95,1.9,0,41,优
2015-04-21 18:00:00,F,40562,189,18.4,154,2.6,0,51,良
2015-04-21 21:00:00,F,46670,100,13.6,146,0.9,0,68,良
2015-04-22 00:00:00,F,30560,7,11.3,118,1.4,0,117,轻度污染
2015-04-22 03:00:00,F,15651,0,9.2,////,0.1,0,95,良
2015-04-22 06:00:00,F,18985,63,9.1,196,1.1,0,105,轻度污染
2015-04-22 09:00:00,F,29928,217,17.4,220,2.3,0,112,轻度污染
2015-04-22 12:00:00,F,39164,156,22.7,308,2,0,103,轻度污染
2015-04-22 15:00:00,F,42463,161,24.7,160,1.8,0,106,轻度污染
2015-04-22 18:00:00,F,43194,208,20,136,2.9,0,144,轻度污染
2015-04-22 21:00:00,F,44984,96,16.5,89,1.3,0,139,轻度污染
2015-04-23 06:00:00,F,21896,51,12.8,81,1.1,0,115,轻度污染
2015-04-23 09:00:00,F,34013,205,19.8,179,1.2,0,125,轻度污染
2015-04-23 12:00:00,F,34115,173,24.5,204,4.4,0,96,良
2015-04-23 15:00:00,F,41338,158,25,193,5.3,0,54,良
2015-04-23 18:00:00,F,42958,202,21.8,127,2.7,0,68,良
2015-04-23 21:00:00,F,46203,100,18.7,103,2.2,0,80,良
2015-04-24 00:00:00,F,31369,4,17,102,1.4,0,60,良
2015-04-24 03:00:00,F,17297,0,16,93,1.7,0,55,良
2015-04-24 06:00:00,F,21734,64,15.8,132,1.4,0,53,良
2015-04-24 09:00:00,F,34295,194,18.3,137,1.9,0,77,良
2015-04-24 12:00:00,F,38350,148,20.9,86,0.8,0,110,轻度污染
2015-04-24 15:00:00,F,42225,154,21.6,72,1,0,100,良
2015-04-24 18:00:00,F,40004,191,20.3,89,1.1,0,98,良
2015-04-24 21:00:00,F,45944,116,16.6,122,0.3,0,119,轻度污染
2015-04-25 00:00:00,F,34705,5,13,91,0.6,0,122,轻度污染
2015-04-25 03:00:00,F,17816,0,11.4,228,0.3,0,132,轻度污染
2015-04-25 06:00:00,F,22597,59,11.2,////,0,0,124,轻度污染
2015-04-25 09:00:00,F,44684,185,22.5,93,0.9,0,147,轻度污染
2015-04-25 12:00:00,F,40015,159,27,131,2.1,0,105,轻度污染
2015-04-25 15:00:00,F,44913,167,28.1,116,1.8,0,104,轻度污染
2015-04-25 18:00:00,F,40657,200,24,110,2.5,0,58,良
2015-04-25 21:00:00,F,42280,105,19.3,153,3.1,0,113,轻度污染
2015-04-26 00:00:00,F,29788,8,16.5,107,1.8,0,98,良
2015-04-26 03:00:00,F,16348,0,15.3,118,1.6,0,73,良
2015-04-26 06:00:00,F,22102,64,16.1,102,1.4,0,79,良
2015-04-26 09:00:00,F,43980,183,23.2,157,2.6,0,70,良
2015-04-26 12:00:00,F,33388,165,25.9,88,4.3,0,65,良
2015-04-26 15:00:00,F,42258,164,25.7,159,6.2,0,70,良
2015-04-26 18:00:00,F,38980,209,22.5,142,5.4,0,80,良
2015-04-26 21:00:00,F,42972,104,18.9,114,3,0,87,良
2015-04-27 00:00:00,F,29914,2,17.5,147,2.8,0,92,良
2015-04-27 03:00:00,F,15560,0,17.7,127,3.3,0,94,良
2015-04-27 06:00:00,F,20310,57,17.6,116,3.1,0,67,良
2015-04-27 09:00:00,F,32361,182,22.2,190,4.6,0,63,良
2015-04-27 12:00:00,F,37978,152,23.9,161,5,0,58,良
2015-04-27 15:00:00,F,45479,161,24.6,154,3.4,0,63,良
2015-04-27 18:00:00,F,40938,198,21.7,161,4.4,0,64,良
2015-04-27 21:00:00,F,42720,109,19.6,157,2.5,0,59,良
2015-04-28 00:00:00,F,30151,6,18.8,132,2.2,0,74,良
2015-04-28 03:00:00,F,17283,0,18.4,125,1.2,0,74,良
2015-04-28 06:00:00,F,20926,51,18.6,195,1.2,0,100,良
2015-04-28 09:00:00,F,34259,194,25.2,264,3.8,0,125,轻度污染
2015-04-28 12:00:00,F,41289,143,28.5,248,6.7,0,98,良
2015-04-28 15:00:00,F,43586,164,30.1,295,6.2,0,82,良
2015-04-28 18:00:00,F,41305,172,29.1,320,1.2,0,84,良
2015-04-28 21:00:00,F,45536,98,20.9,56,3.1,0,94,良
2015-04-29 00:00:00,F,32414,6,17.3,89,4.4,7.3,38,优
2015-04-29 03:00:00,F,16493,0,17,201,2,0,48,优
2015-04-29 06:00:00,F,19762,52,17.7,73,0.6,0,90,良
2015-04-29 09:00:00,F,33191,173,19.4,357,3.9,0,83,良
2015-04-29 12:00:00,F,39484,158,18.6,21,4.8,0,74,良
2015-04-29 15:00:00,F,48053,147,19,323,4.1,0,52,良
2015-04-29 18:00:00,F,46027,188,19.3,317,3.8,0,45,优
2015-04-29 21:00:00,F,45483,103,17.7,331,1.7,0,65,良
2015-04-30 00:00:00,F,28443,1,16.2,288,0.6,0,90,良
2015-04-30 03:00:00,F,16633,0,14.2,288,1.2,0,118,轻度污染
2015-04-30 06:00:00,F,22392,86,15.2,354,1.7,0,117,轻度污染
2015-04-30 09:00:00,F,37261,179,21.5,30,3.3,0,114,轻度污染
2015-04-30 12:00:00,F,38732,146,25,20,2.8,0,79,良
2015-04-30 15:00:00,F,40407,145,26.7,350,4.6,0,72,良
2015-04-30 18:00:00,F,40474,156,21.4,87,3.2,0,113,轻度污染
2015-04-30 21:00:00,F,41811,113,18,70,2.1,0,89,良
2015-04-01 00:00:00,G,1035,17,18.6,////,0,0,102,轻度污染
2015-04-01 03:00:00,G,1732,2,16.6,29,1.2,0,110,轻度污染
2015-04-01 06:00:00,G,2902,341,16.1,99,0.5,0,113,轻度污染
2015-04-01 09:00:00,G,3314,610,21.5,100,4.7,0,78,良
2015-04-01 12:00:00,G,2694,494,24.2,59,5.6,0,42,优
2015-04-01 15:00:00,G,1723,445,20.3,79,5.3,0,59,良
2015-04-01 18:00:00,G,2350,505,15.7,76,5.1,0,63,良
2015-04-01 21:00:00,G,2532,385,15.7,84,1.5,0,36,优
2015-04-02 00:00:00,G,3569,76,15.9,119,4.3,0,38,优
2015-04-02 03:00:00,G,3082,2,16.3,146,2.5,0,39,优
2015-04-02 06:00:00,G,2486,357,16.6,167,3.6,0,38,优
2015-04-02 09:00:00,G,3512,640,22.2,177,7.7,0,55,良
2015-04-02 12:00:00,G,3237,123,25.2,179,7.6,0,68,良
2015-04-02 15:00:00,G,4379,276,26.8,187,7.1,0,80,良
2015-04-02 18:00:00,G,2823,490,24.5,284,5.4,0,122,轻度污染
2015-04-02 21:00:00,G,2553,388,20.8,27,0.8,3.9,102,轻度污染
2015-04-03 00:00:00,G,3387,81,18.1,346,2.2,0.3,72,良
2015-04-03 03:00:00,G,3278,2,15.6,340,1.6,5.1,84,良
2015-04-03 06:00:00,G,2995,348,13.7,3,3.7,0,98,良
2015-04-03 09:00:00,G,3269,621,13.1,24,4.7,0,108,轻度污染
2015-04-03 12:00:00,G,2182,454,12.7,32,6.6,0,142,轻度污染
2015-04-03 15:00:00,G,1994,424,12.1,40,5.3,0,103,轻度污染
2015-04-03 18:00:00,G,2435,520,11.9,60,4.6,0,63,良
2015-04-03 21:00:00,G,2571,387,12.1,68,1.9,0,65,良
2015-04-04 00:00:00,G,2884,84,12.4,86,1.5,0,64,良
2015-04-04 03:00:00,G,2967,2,12.7,84,3.4,0,69,良
2015-04-04 06:00:00,G,3190,283,12.9,112,5.3,0,48,优
2015-04-04 09:00:00,G,4445,540,13.6,////,0,0,55,良
2015-04-04 12:00:00,G,3119,474,17.3,199,4.2,0,64,良
2015-04-04 15:00:00,G,2650,447,17.8,316,2.6,0,94,良
2015-04-04 18:00:00,G,2873,504,18,330,1.5,0,124,轻度污染
2015-04-04 21:00:00,G,3063,349,15.7,71,3.1,0,166,中度污染
2015-04-05 00:00:00,G,2917,75,14,46,1.4,0,97,良
2015-04-05 03:00:00,G,2933,2,13.5,64,2.6,0,82,良
2015-04-05 06:00:00,G,3268,250,13.2,58,2.8,0.1,69,良
2015-04-05 09:00:00,G,3875,539,12.9,52,2.9,1.6,58,良
2015-04-05 12:00:00,G,2498,483,13.8,20,2.9,0,46,优
2015-04-05 15:00:00,G,3046,469,13.1,40,5.7,0,46,优
2015-04-05 18:00:00,G,2412,504,12.9,33,4.6,0,45,优
2015-04-05 21:00:00,G,2327,350,11.7,11,8.3,0.2,42,优
2015-04-06 00:00:00,G,3290,76,11.4,27,6.3,4.4,42,优
2015-04-06 03:00:00,G,2935,2,11.4,7,3.4,2.6,25,优
2015-04-06 06:00:00,G,2984,282,11.3,0,4.3,1.5,23,优
2015-04-06 09:00:00,G,4887,518,11,19,4.3,2.8,31,优
2015-04-06 12:00:00,G,3844,473,11.2,14,7.7,0,42,优
2015-04-06 15:00:00,G,3245,460,11.8,21,6.5,0,42,优
2015-04-06 18:00:00,G,3943,481,10.6,24,8.4,1.7,58,良
2015-04-06 21:00:00,G,2341,367,10.1,14,9.3,0,47,优
2015-04-07 00:00:00,G,3105,78,9.1,20,8.3,0.5,54,良
2015-04-07 03:00:00,G,2835,2,8.1,10,7.7,0.6,/,/
2015-04-07 06:00:00,G,3334,365,7.9,20,7.3,0,28,优
2015-04-07 09:00:00,G,3470,621,8.3,355,5.2,0,46,优
2015-04-07 12:00:00,G,2760,470,8.3,11,6.8,0.2,45,优
2015-04-07 15:00:00,G,2537,429,7.1,359,5.7,1.5,42,优
2015-04-07 18:00:00,G,1984,532,6.8,6,7,0.4,32,优
2015-04-07 21:00:00,G,1446,394,5.8,351,2.8,0.3,31,优
2015-04-08 00:00:00,G,2540,74,6.1,303,3.3,0,26,优
2015-04-08 03:00:00,G,2909,2,6,358,4.7,0,29,优
2015-04-08 06:00:00,G,4098,347,7,5,7.3,0,37,优
2015-04-08 09:00:00,G,3463,613,8.4,18,5.1,0,40,优
2015-04-08 12:00:00,G,2838,481,10.2,12,6.3,0,33,优
2015-04-08 15:00:00,G,2456,451,11.5,56,7.1,0,42,优
2015-04-08 18:00:00,G,1962,540,8.8,38,3.7,0,35,优
2015-04-08 21:00:00,G,1743,409,7.2,23,3.4,0,45,优
2015-04-09 00:00:00,G,2384,80,4.8,////,0,0,36,优
2015-04-09 03:00:00,G,3563,2,4.1,////,0,0,/,/
2015-04-09 06:00:00,G,3613,357,3.4,357,1.1,0,42,优
2015-04-09 09:00:00,G,3728,606,11.4,53,2.9,0,35,优
2015-04-09 12:00:00,G,2189,464,12.8,51,4.8,0,40,优
2015-04-09 15:00:00,G,2334,430,12.6,118,3.1,0,44,优
2015-04-09 18:00:00,G,1763,543,11.5,133,2.2,0,47,优
2015-04-09 21:00:00,G,1231,386,11.4,60,1,0,62,良
2015-04-10 00:00:00,G,2432,83,10.8,////,0,0,65,良
2015-04-10 03:00:00,G,3231,2,10,////,0,0,67,良
2015-04-10 06:00:00,G,3437,358,9,348,0.3,0,77,良
2015-04-10 09:00:00,G,3020,617,14.3,27,4.8,0,55,良
2015-04-10 12:00:00,G,2365,481,15.4,43,5,0,50,优
2015-04-10 15:00:00,G,2687,417,14.1,38,5.6,0,52,良
2015-04-10 18:00:00,G,3145,513,11.9,35,4.2,0,49,优
2015-04-10 21:00:00,G,2310,400,9.5,32,3.1,0,44,优
2015-04-11 00:00:00,G,3530,83,7.6,19,0.9,0,58,良
2015-04-11 03:00:00,G,3767,2,6.2,340,1.1,0,62,良
2015-04-11 06:00:00,G,2713,267,6,////,0,0,65,良
2015-04-11 09:00:00,G,3506,516,13.9,80,3.9,0,40,优
2015-04-11 12:00:00,G,3509,509,15.8,72,4.4,0,42,优
2015-04-11 15:00:00,G,2611,463,16.7,74,4.9,0,52,良
2015-04-11 18:00:00,G,3586,530,13.9,65,3.1,0,74,良
2015-04-11 21:00:00,G,2487,377,11.9,130,1.4,0,93,良
2015-04-12 00:00:00,G,2911,78,11.6,101,1.5,0,87,良
2015-04-12 03:00:00,G,3011,2,10.9,83,1,0,74,良
2015-04-12 06:00:00,G,3545,268,12.1,115,2,0,63,良
2015-04-12 09:00:00,G,4981,518,14.3,106,3.9,0,48,优
2015-04-12 12:00:00,G,2989,480,17.9,108,4.7,0,57,良
2015-04-12 15:00:00,G,3268,484,18.3,102,4.2,0,47,优
2015-04-12 18:00:00,G,3227,523,14.7,113,2.9,0,45,优
2015-04-12 21:00:00,G,2846,374,13.2,252,1.2,0,64,良
2015-04-13 00:00:00,G,2761,78,13.7,312,6.2,0,84,良
2015-04-13 03:00:00,G,2504,2,11.6,258,0.8,0,82,良
2015-04-13 06:00:00,G,3714,358,10.4,284,7.5,0,64,良
2015-04-13 09:00:00,G,4752,636,12.9,291,5.6,0,82,良
2015-04-13 12:00:00,G,2426,507,15,300,9.6,0,90,良
2015-04-13 15:00:00,G,2644,452,14.2,299,4.6,0,79,良
2015-04-13 18:00:00,G,2879,561,13.1,272,5.7,0,/,/
2015-04-13 21:00:00,G,2820,394,10.5,291,6.8,0,/,/
2015-04-14 00:00:00,G,3309,76,8.8,257,5.1,0,65,良
2015-04-14 03:00:00,G,3131,2,8.4,268,5.3,0,68,良
2015-04-14 06:00:00,G,3439,353,7.7,268,7.1,0.4,58,良
2015-04-14 09:00:00,G,4127,656,9.2,284,9,0,104,轻度污染
2015-04-14 12:00:00,G,3041,522,11.4,289,9.7,0,75,良
2015-04-14 15:00:00,G,3207,460,15.8,284,8,0,102,轻度污染
2015-04-14 18:00:00,G,2677,585,15.8,265,4.4,0,97,良
2015-04-14 21:00:00,G,2410,401,12.8,245,1.1,0,127,轻度污染
2015-04-15 00:00:00,G,3426,75,10.4,216,2.6,0,133,轻度污染
2015-04-15 03:00:00,G,2204,2,8.8,198,2.4,0,147,轻度污染
2015-04-15 06:00:00,G,3032,344,9.6,195,2.4,0,142,轻度污染
2015-04-15 09:00:00,G,3361,647,17.7,209,7.4,0,110,轻度污染
2015-04-15 12:00:00,G,2664,470,18.9,199,5.5,0,79,良
2015-04-15 15:00:00,G,2005,464,20.5,194,6.6,0,78,良
2015-04-15 18:00:00,G,2104,553,18.1,169,2.2,0,107,轻度污染
2015-04-15 21:00:00,G,1134,402,16.1,180,2,0,119,轻度污染
2015-04-16 00:00:00,G,2215,81,15.6,184,2.8,0,90,良
2015-04-16 03:00:00,G,2348,2,16.2,215,3.5,0,117,轻度污染
2015-04-16 06:00:00,G,2816,363,16,204,3.1,0,139,轻度污染
2015-04-16 09:00:00,G,2948,673,18.8,213,0.9,0,134,轻度污染
2015-04-16 12:00:00,G,2038,486,24.2,351,3.2,0,/,/
2015-04-16 15:00:00,G,2016,458,21.4,14,12.2,0,120,轻度污染
2015-04-16 18:00:00,G,2565,561,14.8,19,10.5,0,88,良
2015-04-16 21:00:00,G,2555,413,12.8,46,3.5,0,76,良
2015-04-17 00:00:00,G,3116,75,12.1,100,2.3,0,79,良
2015-04-17 03:00:00,G,3371,2,11.6,108,2.3,0,81,良
2015-04-17 06:00:00,G,3283,363,12,128,2.1,0,90,良
2015-04-17 09:00:00,G,3363,629,16.4,131,10,0,114,轻度污染
2015-04-17 12:00:00,G,1955,482,17.6,115,8.2,0,93,良
2015-04-17 15:00:00,G,2306,456,17.2,129,8,0,87,良
2015-04-17 18:00:00,G,1838,538,15.1,126,5.2,0,86,良
2015-04-17 21:00:00,G,2193,387,14.7,142,5.3,0,74,良
2015-04-18 00:00:00,G,2909,75,16.1,156,3.4,0,73,良
2015-04-18 03:00:00,G,3322,2,16.8,139,1.9,0,103,轻度污染
2015-04-18 06:00:00,G,4253,273,16.7,180,2.2,0,95,良
2015-04-18 09:00:00,G,4348,547,22.5,192,6.9,0,79,良
2015-04-18 12:00:00,G,4199,487,24.1,204,9.3,0,94,良
2015-04-18 15:00:00,G,3007,448,23.2,206,5.1,0,104,轻度污染
2015-04-18 18:00:00,G,2044,525,20.9,164,2.4,0,89,良
2015-04-18 21:00:00,G,3012,357,17,134,1.8,0,104,轻度污染
2015-04-19 00:00:00,G,3427,78,16.4,172,2.1,0,107,轻度污染
2015-04-19 03:00:00,G,3058,2,17.5,////,0,0,98,良
2015-04-19 06:00:00,G,3972,270,18,266,1.9,0.1,142,轻度污染
2015-04-19 09:00:00,G,5747,510,19.4,328,0.9,0,204,重度污染
2015-04-19 12:00:00,G,4439,487,21.9,32,3.4,0,280,重度污染
2015-04-19 15:00:00,G,3438,455,18.8,97,1.9,0,196,中度污染
2015-04-19 18:00:00,G,2355,528,17.4,47,3.3,0,83,良
2015-04-19 21:00:00,G,2298,354,15,26,3.9,0,70,良
2015-04-20 00:00:00,G,3218,79,12.9,10,6.1,0.2,50,优
2015-04-20 03:00:00,G,3368,2,11.9,347,8.1,0,45,优
2015-04-20 06:00:00,G,2916,360,11.8,332,4.8,0,79,良
2015-04-20 09:00:00,G,3957,653,12,343,5.3,0.5,79,良
2015-04-20 12:00:00,G,3540,517,14.2,345,5.6,0,93,良
2015-04-20 15:00:00,G,3102,461,15,329,7.3,0,104,轻度污染
2015-04-20 18:00:00,G,1818,549,14.3,347,5.3,0,88,良
2015-04-20 21:00:00,G,1853,398,12.7,348,5.4,0,78,良
2015-04-21 00:00:00,G,2520,79,10.8,342,2.2,0,69,良
2015-04-21 03:00:00,G,2194,2,9.7,324,2.1,0,67,良
2015-04-21 06:00:00,G,3053,351,7.1,////,0,0,74,良
2015-04-21 09:00:00,G,3661,651,14.8,343,4.3,0,74,良
2015-04-21 12:00:00,G,2124,497,17.7,35,5,0,48,优
2015-04-21 15:00:00,G,2738,440,17.9,50,2.2,0,42,优
2015-04-21 18:00:00,G,2377,559,15.9,69,2,0,63,良
2015-04-21 21:00:00,G,1504,387,10.8,////,0,0,102,轻度污染
2015-04-22 00:00:00,G,2881,76,9.4,////,0,0,113,轻度污染
2015-04-22 03:00:00,G,3367,2,8.8,////,0,0,105,轻度污染
2015-04-22 06:00:00,G,3558,347,8.6,////,0,0,142,轻度污染
2015-04-22 09:00:00,G,2993,659,17.1,222,2.9,0,124,轻度污染
2015-04-22 12:00:00,G,3337,494,22.1,271,3,0,119,轻度污染
2015-04-22 15:00:00,G,3324,467,21.6,182,4.8,0,125,轻度污染
2015-04-22 18:00:00,G,2339,555,18.3,150,1.4,0,142,轻度污染
2015-04-22 21:00:00,G,2652,395,14.7,145,0.8,0,169,中度污染
2015-04-23 06:00:00,G,3062,345,12.7,148,1.4,0,132,轻度污染
2015-04-23 09:00:00,G,3089,635,18.1,175,3,0,118,轻度污染
2015-04-23 12:00:00,G,2312,506,22.9,191,3.8,0,90,良
2015-04-23 15:00:00,G,1813,462,23.7,185,4.6,0,70,良
2015-04-23 18:00:00,G,1734,551,18.5,133,2.3,0,73,良
2015-04-23 21:00:00,G,1988,398,15.3,150,0.9,0,70,良
2015-04-24 00:00:00,G,3038,83,15.2,152,2.1,0,62,良
2015-04-24 03:00:00,G,3174,2,13.9,139,1.3,0,82,良
2015-04-24 06:00:00,G,3624,349,14.4,122,1.6,0,89,良
2015-04-24 09:00:00,G,3466,641,17.9,167,3.7,0,89,良
2015-04-24 12:00:00,G,2887,494,19.5,180,2.3,0,/,/
2015-04-24 15:00:00,G,2744,455,20.4,186,3.8,0,103,轻度污染
2015-04-24 18:00:00,G,3271,562,19.3,177,1.1,0,74,良
2015-04-24 21:00:00,G,2192,401,15.8,////,0,0,152,中度污染
2015-04-25 00:00:00,G,2974,81,13.2,////,0,0,147,轻度污染
2015-04-25 03:00:00,G,2763,2,10.6,////,0,0,169,中度污染
2015-04-25 06:00:00,G,2936,277,10,////,0,0,158,中度污染
2015-04-25 09:00:00,G,4031,531,21.1,65,0.5,0,153,中度污染
2015-04-25 12:00:00,G,3946,497,24.6,75,3.4,0,118,轻度污染
2015-04-25 15:00:00,G,4414,456,24.2,94,4,0,93,良
2015-04-25 18:00:00,G,2856,528,20.2,138,2.2,0,118,轻度污染
2015-04-25 21:00:00,G,1917,377,16.5,183,2,0,168,中度污染
2015-04-26 00:00:00,G,2678,78,15.2,150,1.2,0,135,轻度污染
2015-04-26 03:00:00,G,2271,2,13.6,////,0,0,99,良
2015-04-26 06:00:00,G,2443,267,13.5,////,0,0,114,轻度污染
2015-04-26 09:00:00,G,4563,543,21.7,186,4.8,0,72,良
2015-04-26 12:00:00,G,3377,485,25.5,174,3.6,0,84,良
2015-04-26 15:00:00,G,3559,471,24.5,123,6.2,0,113,轻度污染
2015-04-26 18:00:00,G,3972,515,21.3,165,4.9,0,111,轻度污染
2015-04-26 21:00:00,G,1857,375,16.5,150,2.1,0,118,轻度污染
2015-04-27 00:00:00,G,2716,76,15.8,182,1.7,0,107,轻度污染
2015-04-27 03:00:00,G,1998,2,17.2,163,4.2,0,120,轻度污染
2015-04-27 06:00:00,G,2808,352,17.2,148,3.7,0,82,良
2015-04-27 09:00:00,G,3977,655,20.3,157,5.1,0,63,良
2015-04-27 12:00:00,G,2277,508,23.3,182,6.8,0,61,良
2015-04-27 15:00:00,G,2333,458,22.9,153,7.5,0,68,良
2015-04-27 18:00:00,G,2029,562,20.9,159,3.8,0,73,良
2015-04-27 21:00:00,G,1841,400,19,168,4.1,0,75,良
2015-04-28 00:00:00,G,1831,80,18,171,5,0,82,良
2015-04-28 03:00:00,G,2931,2,17.9,190,3.2,0,80,良
2015-04-28 06:00:00,G,2657,361,17.8,195,3.7,0,104,轻度污染
2015-04-28 09:00:00,G,2727,672,24,210,4.2,0,156,中度污染
2015-04-28 12:00:00,G,3644,499,29,236,6.6,0,118,轻度污染
2015-04-28 15:00:00,G,2415,452,30.6,285,4.5,0,110,轻度污染
2015-04-28 18:00:00,G,2093,560,21.8,43,3.2,0,156,中度污染
2015-04-28 21:00:00,G,1475,385,19.1,62,5,0,79,良
2015-04-29 00:00:00,G,2532,75,16.9,359,5.6,7.6,62,良
2015-04-29 03:00:00,G,2531,2,16.5,178,2.8,0,60,良
2015-04-29 06:00:00,G,3090,352,17.2,19,6.4,0,79,良
2015-04-29 09:00:00,G,2719,682,18.5,17,2.2,0,84,良
2015-04-29 12:00:00,G,2442,509,19.1,356,3.9,0,84,良
2015-04-29 15:00:00,G,1665,458,18.8,344,5.6,0,/,/
2015-04-29 18:00:00,G,2771,572,18.8,317,1.7,0,69,良
2015-04-29 21:00:00,G,1791,419,16.5,343,3.1,0,94,良
2015-04-30 00:00:00,G,2806,75,14.8,323,2,0,87,良
2015-04-30 03:00:00,G,3297,2,15.6,284,2.8,0,113,轻度污染
2015-04-30 06:00:00,G,2699,355,14,////,0,0,140,轻度污染
2015-04-30 09:00:00,G,2814,660,20.6,356,5.4,0,149,轻度污染
2015-04-30 12:00:00,G,3676,516,24.1,10,4.1,0,104,轻度污染
2015-04-30 15:00:00,G,3980,468,21.5,66,6.4,0,125,轻度污染
2015-04-30 18:00:00,G,2593,551,18.8,79,2.3,0,105,轻度污染
2015-04-30 21:00:00,G,2320,408,15.7,100,2.8,0,75,良
2015-04-01 00:00:00,H,8634,2,19.4,////,0,0,95,良
2015-04-01 03:00:00,H,4996,5,17.4,////,0,0,105,轻度污染
2015-04-01 06:00:00,H,11705,307,16.5,////,0.2,0,122,轻度污染
2015-04-01 09:00:00,H,45634,771,22.7,96,4.4,0,115,轻度污染
2015-04-01 12:00:00,H,42239,524,25,86,4.4,0,53,良
2015-04-01 15:00:00,H,49314,535,22.5,68,4.4,0,58,良
2015-04-01 18:00:00,H,48617,616,16.5,68,5.1,0,69,良
2015-04-01 21:00:00,H,34632,461,15.5,85,4.4,0,42,优
2015-04-02 00:00:00,H,20721,69,16.2,89,2.8,0,38,优
2015-04-02 03:00:00,H,7429,0,16.6,114,1.5,0,57,良
2015-04-02 06:00:00,H,12076,322,17.5,151,2.1,0,48,优
2015-04-02 09:00:00,H,44767,769,23.3,199,3,0,56,良
2015-04-02 12:00:00,H,35985,135,26.5,179,5.4,0,68,良
2015-04-02 15:00:00,H,49309,362,28.5,188,4.8,0,89,良
2015-04-02 18:00:00,H,45223,618,23,83,2,4.2,102,轻度污染
2015-04-02 21:00:00,H,30407,466,20.7,292,4.3,4.6,87,良
2015-04-03 00:00:00,H,17708,73,17.5,306,1.5,0.1,54,良
2015-04-03 03:00:00,H,5393,5,15.6,16,0.8,3.9,90,良
2015-04-03 06:00:00,H,11687,314,13.8,61,1.7,0,94,良
2015-04-03 09:00:00,H,45176,779,13.7,95,1.3,0,114,轻度污染
2015-04-03 12:00:00,H,42548,528,13.1,41,2.7,0,132,轻度污染
2015-04-03 15:00:00,H,50438,506,12.8,84,4.8,0,118,轻度污染
2015-04-03 18:00:00,H,46013,665,12,75,3,0,60,良
2015-04-03 21:00:00,H,32658,480,11.8,84,2.9,0,50,优
2015-04-04 00:00:00,H,23217,75,12.2,77,1.8,0,53,良
2015-04-04 03:00:00,H,6038,4,12.4,96,2.9,0,53,良
2015-04-04 06:00:00,H,8261,240,12.9,110,3.8,0,48,优
2015-04-04 09:00:00,H,30619,587,13.6,97,2.5,0.1,50,优
2015-04-04 12:00:00,H,30824,560,17,207,2,0,52,良
2015-04-04 15:00:00,H,36804,556,18.4,283,2.1,0,98,良
2015-04-04 18:00:00,H,28727,602,17.8,////,0,0,115,轻度污染
2015-04-04 21:00:00,H,22994,435,16,38,2,0,166,中度污染
2015-04-05 00:00:00,H,13880,77,15.1,78,1.6,0,173,中度污染
2015-04-05 03:00:00,H,4538,5,13.5,83,2,0,113,轻度污染
2015-04-05 06:00:00,H,7687,237,13.6,33,1.4,1.6,63,良
2015-04-05 09:00:00,H,26563,579,13.1,86,1.8,0.9,55,良
2015-04-05 12:00:00,H,31506,560,13.8,70,2.6,0,50,优
2015-04-05 15:00:00,H,32572,561,13.5,57,2.3,0,45,优
2015-04-05 18:00:00,H,28194,591,12.6,51,2.7,0,46,优
2015-04-05 21:00:00,H,22272,428,11.3,47,2.5,0.1,32,优
2015-04-06 00:00:00,H,11797,69,11.2,85,1.2,3.4,24,优
2015-04-06 03:00:00,H,3878,3,11.5,36,1,1.1,26,优
2015-04-06 06:00:00,H,7074,224,11.2,2,3.7,2.1,28,优
2015-04-06 09:00:00,H,28680,560,11,70,1.7,1.3,32,优
2015-04-06 12:00:00,H,28098,543,11.2,39,2.4,0,39,优
2015-04-06 15:00:00,H,31336,546,12.1,41,2.4,0,36,优
2015-04-06 18:00:00,H,28814,597,10.3,57,2.9,3.8,47,优
2015-04-06 21:00:00,H,24559,432,9.8,2,4.4,0,51,良
2015-04-07 00:00:00,H,14711,69,8.6,78,2.8,0.9,61,良
2015-04-07 03:00:00,H,3827,5,7.9,29,4.8,1,45,优
2015-04-07 06:00:00,H,10731,330,8,49,5.8,0,40,优
2015-04-07 09:00:00,H,41552,779,8.2,37,5.9,0,52,良
2015-04-07 12:00:00,H,42762,504,8.5,46,4.8,0.2,54,良
2015-04-07 15:00:00,H,46351,546,7.6,45,1.3,2,41,优
2015-04-07 18:00:00,H,45352,680,7,343,2.1,1.3,40,优
2015-04-07 21:00:00,H,34520,483,5.8,293,1.3,0.1,29,优
2015-04-08 00:00:00,H,19254,75,5.8,245,0.8,0,36,优
2015-04-08 03:00:00,H,3628,5,5.8,////,0.2,0,43,优
2015-04-08 06:00:00,H,11005,322,6.9,77,3.2,0,43,优
2015-04-08 09:00:00,H,43876,776,8.8,41,5.5,0,43,优
2015-04-08 12:00:00,H,41178,530,11.2,98,3.2,0,42,优
2015-04-08 15:00:00,H,51469,576,12.4,354,2.7,0,45,优
2015-04-08 18:00:00,H,47637,725,10,99,3.8,0,43,优
2015-04-08 21:00:00,H,35499,479,7.8,72,3.6,0,39,优
2015-04-09 00:00:00,H,20378,72,5.2,////,0.2,0,43,优
2015-04-09 03:00:00,H,4809,5,4.2,////,0.1,0,42,优
2015-04-09 06:00:00,H,11232,325,3.8,////,0,0,45,优
2015-04-09 09:00:00,H,50859,782,11.6,109,4.1,0,50,优
2015-04-09 12:00:00,H,44080,550,13.8,36,2,0,44,优
2015-04-09 15:00:00,H,50463,554,13.8,16,0.7,0,53,良
2015-04-09 18:00:00,H,48421,701,11.9,121,2.4,0,52,良
2015-04-09 21:00:00,H,36403,445,11.4,121,0.5,0,60,良
2015-04-10 00:00:00,H,24354,76,10.8,124,0.5,0,52,良
2015-04-10 03:00:00,H,7740,5,8.6,////,0,0,53,良
2015-04-10 06:00:00,H,14107,331,8.9,////,0,0,62,良
2015-04-10 09:00:00,H,50082,775,13.4,312,2.6,0,64,良
2015-04-10 12:00:00,H,45016,553,15.9,47,4.1,0,58,良
2015-04-10 15:00:00,H,51099,537,17.3,66,3.7,0,64,良
2015-04-10 18:00:00,H,51165,700,12.6,71,3.3,0,52,良
2015-04-10 21:00:00,H,33785,474,10,90,2.9,0,51,良
2015-04-11 00:00:00,H,27010,77,7.9,////,0,0,52,良
2015-04-11 03:00:00,H,8228,5,7.2,////,0,0,69,良
2015-04-11 06:00:00,H,12403,231,6.5,23,0.6,0,58,良
2015-04-11 09:00:00,H,36641,540,14.6,99,2.1,0,60,良
2015-04-11 12:00:00,H,39108,541,17.7,85,2.4,0,50,优
2015-04-11 15:00:00,H,42001,542,18.3,90,3.8,0,64,良
2015-04-11 18:00:00,H,36544,580,15.2,77,3.6,0,71,良
2015-04-11 21:00:00,H,29611,423,11.8,91,2,0,87,良
2015-04-12 00:00:00,H,19921,84,11.1,65,0.6,0,89,良
2015-04-12 03:00:00,H,6264,5,11.3,74,1.1,0,85,良
2015-04-12 06:00:00,H,9760,238,12.5,92,1.7,0,85,良
2015-04-12 09:00:00,H,33492,572,14.8,102,3.2,0,73,良
2015-04-12 12:00:00,H,35035,550,18.6,126,3.3,0,70,良
2015-04-12 15:00:00,H,37210,571,20.5,124,1.9,0,87,良
2015-04-12 18:00:00,H,34285,599,16.1,95,3.9,0,54,良
2015-04-12 21:00:00,H,28170,434,14.4,20,0.5,0,63,良
2015-04-13 00:00:00,H,17156,81,12.7,315,3.1,0,82,良
2015-04-13 03:00:00,H,4210,5,11.8,275,1.8,0,68,良
2015-04-13 06:00:00,H,13169,323,10.5,294,1.4,0,57,良
2015-04-13 09:00:00,H,43073,763,12.8,301,1.9,0,90,良
2015-04-13 12:00:00,H,40862,548,13.8,310,6.2,0,103,轻度污染
2015-04-13 15:00:00,H,52298,557,15.2,255,4.6,0,68,良
2015-04-13 18:00:00,H,46050,727,12.8,272,4.7,0,77,良
2015-04-13 21:00:00,H,33839,453,10.1,241,2.2,0,70,良
2015-04-14 00:00:00,H,19092,79,9.3,253,3.5,0,78,良
2015-04-14 03:00:00,H,5937,4,7.4,269,3,0.7,70,良
2015-04-14 06:00:00,H,11765,324,7.6,270,5.6,0.1,65,良
2015-04-14 09:00:00,H,42553,768,9.2,246,4.1,0,109,轻度污染
2015-04-14 12:00:00,H,45206,537,11.3,268,7.4,0,128,轻度污染
2015-04-14 15:00:00,H,50615,574,16.8,276,3.9,0,99,良
2015-04-14 18:00:00,H,47141,709,15.9,238,3.3,0,107,轻度污染
2015-04-14 21:00:00,H,35126,457,11.4,236,0.4,0,108,轻度污染
2015-04-15 00:00:00,H,21440,75,9.3,216,0.8,0,115,轻度污染
2015-04-15 03:00:00,H,4466,4,9.5,253,1.5,0,140,轻度污染
2015-04-15 06:00:00,H,12761,316,8,////,0,0,133,轻度污染
2015-04-15 09:00:00,H,46487,771,18.1,215,4.5,0,129,轻度污染
2015-04-15 12:00:00,H,45299,521,21.4,191,1.8,0,85,良
2015-04-15 15:00:00,H,53256,568,22.2,203,4.4,0,89,良
2015-04-15 18:00:00,H,47708,723,19.1,158,2.6,0,97,良
2015-04-15 21:00:00,H,37198,473,17.1,209,2,0,125,轻度污染
2015-04-16 00:00:00,H,23898,79,15.8,252,1.6,0,113,轻度污染
2015-04-16 03:00:00,H,8322,5,15,279,0.5,0,118,轻度污染
2015-04-16 06:00:00,H,11261,325,15.8,111,2.1,0,114,轻度污染
2015-04-16 09:00:00,H,47995,787,18.6,233,0.3,0,119,轻度污染
2015-04-16 12:00:00,H,40005,551,24.9,243,2.9,0,97,良
2015-04-16 15:00:00,H,47332,556,19.4,14,4.9,0,129,轻度污染
2015-04-16 18:00:00,H,47566,709,15.6,30,3.2,0,95,良
2015-04-16 21:00:00,H,35632,455,13.3,54,2.9,0,75,良
2015-04-17 00:00:00,H,22800,78,11,////,0,0,79,良
2015-04-17 03:00:00,H,4553,4,11.6,103,1.9,0,79,良
2015-04-17 06:00:00,H,13449,318,12.2,143,1.3,0,81,良
2015-04-17 09:00:00,H,52821,758,16.8,139,4.8,0,110,轻度污染
2015-04-17 12:00:00,H,43494,536,18.9,140,8,0,98,良
2015-04-17 15:00:00,H,56685,551,18.4,132,2.4,0,93,良
2015-04-17 18:00:00,H,48725,653,15.8,113,6.1,0,88,良
2015-04-17 21:00:00,H,35607,468,14.8,131,3.2,0,75,良
2015-04-18 00:00:00,H,27072,75,16.2,165,2.7,0,76,良
2015-04-18 03:00:00,H,10185,5,16.9,150,1.6,0,73,良
2015-04-18 06:00:00,H,10705,238,17.3,82,0.4,0,73,良
2015-04-18 09:00:00,H,34353,568,21.6,195,1.3,0,72,良
2015-04-18 12:00:00,H,37785,561,23.8,213,2.8,0,74,良
2015-04-18 15:00:00,H,41300,512,24.1,175,1.7,0,120,轻度污染
2015-04-18 18:00:00,H,37341,595,22.2,145,1.4,0,92,良
2015-04-18 21:00:00,H,30780,429,18.6,117,1,0,95,良
2015-04-19 00:00:00,H,20239,77,17.2,223,0.4,0,100,良
2015-04-19 03:00:00,H,6117,5,17.9,250,1.2,0,105,轻度污染
2015-04-19 06:00:00,H,11798,235,18.8,199,1.2,0.1,158,中度污染
2015-04-19 09:00:00,H,34469,581,20,16,1.7,0,218,重度污染
2015-04-19 12:00:00,H,33957,557,22.2,46,1.6,0,282,重度污染
2015-04-19 15:00:00,H,33363,568,22.2,95,2,0,238,重度污染
2015-04-19 18:00:00,H,34555,600,18.3,87,3.1,0,178,中度污染
2015-04-19 21:00:00,H,29964,439,16.8,21,3.3,0,58,良
2015-04-20 00:00:00,H,16298,76,12.6,334,5.8,0.2,/,/
2015-04-20 03:00:00,H,4834,5,12,338,3.9,0.2,/,/
2015-04-20 06:00:00,H,11013,322,12.1,340,3.3,0,/,/
2015-04-20 09:00:00,H,37272,765,12.4,296,3,0.8,/,/
2015-04-20 12:00:00,H,40510,559,14.1,298,5,0,69,良
2015-04-20 15:00:00,H,49792,578,15.7,240,1.1,0,93,良
2015-04-20 18:00:00,H,49257,736,15.1,156,1.6,0,85,良
2015-04-20 21:00:00,H,33429,484,13.3,4,2.1,0,83,良
2015-04-21 00:00:00,H,21859,71,11.8,46,2,0,73,良
2015-04-21 03:00:00,H,5261,3,////,////,////,0,68,良
2015-04-21 06:00:00,H,12228,326,////,////,////,0,81,良
2015-04-21 09:00:00,H,45592,804,15.4,301,2.2,0,75,良
2015-04-21 12:00:00,H,42390,543,18.5,115,4.3,0,52,良
2015-04-21 15:00:00,H,50710,569,18.9,140,1.4,0,45,优
2015-04-21 18:00:00,H,53933,738,16.3,81,1.7,0,54,良
2015-04-21 21:00:00,H,37732,467,10.7,////,0,0,65,良
2015-04-22 00:00:00,H,25956,76,9.1,////,0,0,74,良
2015-04-22 03:00:00,H,7721,3,8.3,////,0,0,82,良
2015-04-22 06:00:00,H,11536,324,8.1,////,0.1,0,98,良
2015-04-22 09:00:00,H,51738,811,18.3,206,1.5,0,98,良
2015-04-22 12:00:00,H,43980,531,22.9,175,1.8,0,119,轻度污染
2015-04-22 15:00:00,H,51956,548,23.9,84,2.4,0,124,轻度污染
2015-04-22 18:00:00,H,51420,728,19.4,162,2.5,0,138,轻度污染
2015-04-22 21:00:00,H,36842,482,14.7,////,0.2,0,143,轻度污染
2015-04-23 06:00:00,H,12860,322,11.5,////,0,0,89,良
2015-04-23 09:00:00,H,50003,787,19.1,158,2.2,0,97,良
2015-04-23 12:00:00,H,41886,536,23.8,207,3.2,0,110,轻度污染
2015-04-23 15:00:00,H,53570,558,25.2,226,4,0,90,良
2015-04-23 18:00:00,H,48278,723,21.5,129,2.7,0,77,良
2015-04-23 21:00:00,H,35737,440,16.3,91,0.9,0,64,良
2015-04-24 00:00:00,H,22376,76,16,103,1.7,0,58,良
2015-04-24 03:00:00,H,5688,4,14.7,134,2,0,51,良
2015-04-24 06:00:00,H,13389,329,14.3,////,0.1,0,55,良
2015-04-24 09:00:00,H,51300,795,19,164,2.2,0,66,良
2015-04-24 12:00:00,H,44564,523,20.8,135,1,0,94,良
2015-04-24 15:00:00,H,52502,544,21.6,138,1.5,0,98,良
2015-04-24 18:00:00,H,50030,708,20.3,247,0.6,0,84,良
2015-04-24 21:00:00,H,34778,451,16.1,////,0,0,114,轻度污染
2015-04-25 00:00:00,H,28338,77,12.4,////,0,0,110,轻度污染
2015-04-25 03:00:00,H,9224,3,11.2,////,0,0,118,轻度污染
2015-04-25 06:00:00,H,12929,230,10.8,////,0,0,117,轻度污染
2015-04-25 09:00:00,H,38645,553,22.3,104,1,0,150,轻度污染
2015-04-25 12:00:00,H,36647,554,26.8,103,1.5,0,103,轻度污染
2015-04-25 15:00:00,H,39930,539,26.4,92,3.1,0,95,良
2015-04-25 18:00:00,H,37005,606,22.7,122,1.2,0,74,良
2015-04-25 21:00:00,H,29869,448,17.2,////,0,0,92,良
2015-04-26 00:00:00,H,19711,73,14.5,////,0.2,0,112,轻度污染
2015-04-26 03:00:00,H,7287,5,13.9,45,0.7,0,67,良
2015-04-26 06:00:00,H,12330,236,15.4,151,1.8,0,70,良
2015-04-26 09:00:00,H,34057,575,22.7,147,1.6,0,54,良
2015-04-26 12:00:00,H,34230,565,25.6,158,4.4,0,103,轻度污染
2015-04-26 15:00:00,H,37405,552,25.5,132,2.5,0,116,轻度污染
2015-04-26 18:00:00,H,34063,581,22.3,138,4.3,0,123,轻度污染
2015-04-26 21:00:00,H,26378,436,18.6,112,2.5,0,84,良
2015-04-27 00:00:00,H,15251,70,17,164,2,0,102,轻度污染
2015-04-27 03:00:00,H,4077,4,18,127,2.3,0,90,良
2015-04-27 06:00:00,H,12785,296,17.5,109,1.8,0,58,良
2015-04-27 09:00:00,H,42559,745,21.6,178,6.5,0,55,良
2015-04-27 12:00:00,H,40347,548,24.4,171,4.2,0,60,良
2015-04-27 15:00:00,H,51007,545,24.3,203,4.9,0,65,良
2015-04-27 18:00:00,H,49988,701,21.6,126,4.7,0,62,良
2015-04-27 21:00:00,H,34863,456,19.5,133,4.3,0,62,良
2015-04-28 00:00:00,H,19723,72,18.4,132,2.2,0,80,良
2015-04-28 03:00:00,H,6173,5,18.3,229,2.3,0,75,良
2015-04-28 06:00:00,H,12246,333,18,////,0.2,0,103,轻度污染
2015-04-28 09:00:00,H,53026,775,25.1,219,2,0,139,轻度污染
2015-04-28 12:00:00,H,47060,544,28.9,218,5.2,0,114,轻度污染
2015-04-28 15:00:00,H,51679,556,30.3,290,2.4,0,111,轻度污染
2015-04-28 18:00:00,H,50575,729,22.3,76,5.4,0,123,轻度污染
2015-04-28 21:00:00,H,33954,461,19.4,75,1.5,0,78,良
2015-04-29 00:00:00,H,20824,79,17.1,105,5,7.1,38,优
2015-04-29 03:00:00,H,5270,5,16.3,209,0.3,0,46,优
2015-04-29 06:00:00,H,12266,320,17,358,2.3,0.1,83,良
2015-04-29 09:00:00,H,52192,771,18,303,0.5,0,80,良
2015-04-29 12:00:00,H,41765,540,17.6,1,2.9,0,67,良
2015-04-29 15:00:00,H,51829,579,18.5,187,1.1,0,54,良
2015-04-29 18:00:00,H,48765,713,19.1,304,3.1,0,51,良
2015-04-29 21:00:00,H,33523,464,17.3,330,2.3,0,68,良
2015-04-30 00:00:00,H,21708,75,14.9,190,0.6,0,78,良
2015-04-30 03:00:00,H,5897,4,14.6,203,0.4,0,94,良
2015-04-30 06:00:00,H,14336,320,15.6,////,0,0,114,轻度污染
2015-04-30 09:00:00,H,51102,764,21.4,337,2.5,0,150,轻度污染
2015-04-30 12:00:00,H,43360,506,24.5,110,1.7,0,83,良
2015-04-30 15:00:00,H,51311,541,24.8,16,4.6,0,85,良
2015-04-30 18:00:00,H,49219,696,19.6,97,2.4,0,124,轻度污染
2015-04-30 21:00:00,H,31302,459,16.2,95,2.7,0,60,良
